"Subject","ImageFile","Score","KeyPress","CorrKey","TargetWord"
1,"pict_lang_test/bild4.png",1,"j","j","comb"
1,"pict_lang_test/bild10.png",1,"q","q","lamp"
1,"pict_lang_test/bild6.png",1,"d","d","bowling ball"
1,"pict_lang_test/bild14.png",1,"4","4","violin"
1,"pict_lang_test/bild30.png",1,"a","a","apple"
1,"pict_lang_test/bild23.png",1,"s","s","paint can"
1,"pict_lang_test/bild15.png",1,"y","y","soda can"
1,"pict_lang_test/bild26.png",1,"l","l","drum"
1,"pict_lang_test/bild25.png",1,"r","r","orange"
1,"pict_lang_test/bild17.png",1,"x","x","soccer ball"
1,"pict_lang_test/bild3.png",1,"p","p","hourglass"
1,"pict_lang_test/bild13.png",1,"3","3","TV-screen"
1,"pict_lang_test/bild20.png",1,"i","i","coconut"
1,"pict_lang_test/bild22.png",1,"t","t","paint brush"
1,"pict_lang_test/bild16.png",1,"2","2","trumpet"
1,"pict_lang_test/bild5.png",1,"g","g","clarinet"
1,"pict_lang_test/bild9.png",1,"k","k","cucumber slice"
1,"pict_lang_test/bild29.png",1,"b","b","bamboo"
1,"pict_lang_test/bild21.png",1,"n","n","flute"
1,"pict_lang_test/bild24.png",1,"m","m","flashlight"
1,"pict_lang_test/bild8.png",1,"h","h","clock"
1,"pict_lang_test/bild1.png",1,"z","z","tennis racket"
1,"pict_lang_test/bild11.png",1,"w","w","pizza pie"
1,"pict_lang_test/bild7.png",1,"e","e","button"
1,"pict_lang_test/bild27.png",1,"f","f","cake"
1,"pict_lang_test/bild28.png",1,"c","c","banana"
1,"pict_lang_test/bild19.png",0,"t","o","hairspray"
1,"pict_lang_test/bild18.png",1,"u","u","pear"
1,"pict_lang_test/bild2.png",1,"v","v","piano"
1,"pict_lang_test/bild12.png",1,"1","1","toast"
2,"pict_lang_test/bild20.png",1,"i","i","coconut"
2,"pict_lang_test/bild10.png",1,"q","q","lamp"
2,"pict_lang_test/bild21.png",1,"n","n","flute"
2,"pict_lang_test/bild24.png",1,"m","m","flashlight"
2,"pict_lang_test/bild18.png",1,"u","u","pear"
2,"pict_lang_test/bild13.png",1,"3","3","TV-screen"
2,"pict_lang_test/bild16.png",1,"2","2","trumpet"
2,"pict_lang_test/bild2.png",1,"v","v","piano"
2,"pict_lang_test/bild7.png",1,"e","e","button"
2,"pict_lang_test/bild25.png",0,"a","r","orange"
2,"pict_lang_test/bild17.png",1,"x","x","soccer ball"
2,"pict_lang_test/bild9.png",1,"k","k","cucumber slice"
2,"pict_lang_test/bild27.png",1,"f","f","cake"
2,"pict_lang_test/bild11.png",1,"w","w","pizza pie"
2,"pict_lang_test/bild6.png",1,"d","d","bowling ball"
2,"pict_lang_test/bild1.png",1,"z","z","tennis racket"
2,"pict_lang_test/bild8.png",1,"h","h","clock"
2,"pict_lang_test/bild19.png",0,"t","o","hairspray"
2,"pict_lang_test/bild28.png",1,"c","c","banana"
2,"pict_lang_test/bild26.png",1,"l","l","drum"
2,"pict_lang_test/bild30.png",1,"a","a","apple"
2,"pict_lang_test/bild14.png",1,"4","4","violin"
2,"pict_lang_test/bild22.png",0,"s","t","paint brush"
2,"pict_lang_test/bild3.png",1,"p","p","hourglass"
2,"pict_lang_test/bild23.png",1,"s","s","paint can"
2,"pict_lang_test/bild5.png",1,"g","g","clarinet"
2,"pict_lang_test/bild29.png",1,"b","b","bamboo"
2,"pict_lang_test/bild4.png",1,"j","j","comb"
2,"pict_lang_test/bild12.png",1,"1","1","toast"
2,"pict_lang_test/bild15.png",1,"y","y","soda can"
3,"pict_lang_test/bild6.png",1,"d","d","bowling ball"
3,"pict_lang_test/bild11.png",1,"w","w","pizza pie"
3,"pict_lang_test/bild12.png",1,"1","1","toast"
3,"pict_lang_test/bild21.png",1,"n","n","flute"
3,"pict_lang_test/bild8.png",1,"h","h","clock"
3,"pict_lang_test/bild3.png",1,"p","p","hourglass"
3,"pict_lang_test/bild16.png",1,"2","2","trumpet"
3,"pict_lang_test/bild25.png",1,"r","r","orange"
3,"pict_lang_test/bild22.png",1,"t","t","paint brush"
3,"pict_lang_test/bild18.png",1,"u","u","pear"
3,"pict_lang_test/bild17.png",1,"x","x","soccer ball"
3,"pict_lang_test/bild20.png",1,"i","i","coconut"
3,"pict_lang_test/bild2.png",1,"v","v","piano"
3,"pict_lang_test/bild13.png",1,"3","3","TV-screen"
3,"pict_lang_test/bild26.png",1,"l","l","drum"
3,"pict_lang_test/bild23.png",1,"s","s","paint can"
3,"pict_lang_test/bild27.png",1,"f","f","cake"
3,"pict_lang_test/bild15.png",1,"y","y","soda can"
3,"pict_lang_test/bild5.png",1,"g","g","clarinet"
3,"pict_lang_test/bild1.png",1,"z","z","tennis racket"
3,"pict_lang_test/bild7.png",1,"e","e","button"
3,"pict_lang_test/bild24.png",1,"m","m","flashlight"
3,"pict_lang_test/bild10.png",1,"q","q","lamp"
3,"pict_lang_test/bild9.png",1,"k","k","cucumber slice"
3,"pict_lang_test/bild4.png",1,"j","j","comb"
3,"pict_lang_test/bild14.png",1,"4","4","violin"
3,"pict_lang_test/bild29.png",1,"b","b","bamboo"
3,"pict_lang_test/bild28.png",1,"c","c","banana"
3,"pict_lang_test/bild19.png",1,"o","o","hairspray"
3,"pict_lang_test/bild30.png",1,"a","a","apple"
4,"pict_lang_test/bild8.png",1,"h","h","clock"
4,"pict_lang_test/bild6.png",1,"d","d","bowling ball"
4,"pict_lang_test/bild13.png",1,"3","3","TV-screen"
4,"pict_lang_test/bild29.png",1,"b","b","bamboo"
4,"pict_lang_test/bild4.png",1,"j","j","comb"
4,"pict_lang_test/bild19.png",1,"o","o","hairspray"
4,"pict_lang_test/bild20.png",1,"i","i","coconut"
4,"pict_lang_test/bild5.png",1,"g","g","clarinet"
4,"pict_lang_test/bild11.png",1,"w","w","pizza pie"
4,"pict_lang_test/bild22.png",1,"t","t","paint brush"
4,"pict_lang_test/bild21.png",1,"n","n","flute"
4,"pict_lang_test/bild23.png",1,"s","s","paint can"
4,"pict_lang_test/bild15.png",1,"y","y","soda can"
4,"pict_lang_test/bild10.png",1,"q","q","lamp"
4,"pict_lang_test/bild14.png",1,"4","4","violin"
4,"pict_lang_test/bild16.png",1,"2","2","trumpet"
4,"pict_lang_test/bild28.png",1,"c","c","banana"
4,"pict_lang_test/bild2.png",1,"v","v","piano"
4,"pict_lang_test/bild27.png",1,"f","f","cake"
4,"pict_lang_test/bild1.png",1,"z","z","tennis racket"
4,"pict_lang_test/bild26.png",1,"l","l","drum"
4,"pict_lang_test/bild7.png",1,"e","e","button"
4,"pict_lang_test/bild17.png",1,"x","x","soccer ball"
4,"pict_lang_test/bild25.png",1,"r","r","orange"
4,"pict_lang_test/bild12.png",1,"1","1","toast"
4,"pict_lang_test/bild3.png",1,"p","p","hourglass"
4,"pict_lang_test/bild18.png",1,"u","u","pear"
4,"pict_lang_test/bild30.png",1,"a","a","apple"
4,"pict_lang_test/bild9.png",1,"k","k","cucumber slice"
4,"pict_lang_test/bild24.png",1,"m","m","flashlight"
5,"pict_lang_test/bild18.png",1,"u","u","pear"
5,"pict_lang_test/bild19.png",0,"s","o","hairspray"
5,"pict_lang_test/bild2.png",1,"v","v","piano"
5,"pict_lang_test/bild22.png",1,"t","t","paint brush"
5,"pict_lang_test/bild9.png",1,"k","k","cucumber slice"
5,"pict_lang_test/bild27.png",1,"f","f","cake"
5,"pict_lang_test/bild8.png",1,"h","h","clock"
5,"pict_lang_test/bild11.png",1,"w","w","pizza pie"
5,"pict_lang_test/bild13.png",1,"3","3","TV-screen"
5,"pict_lang_test/bild20.png",1,"i","i","coconut"
5,"pict_lang_test/bild28.png",1,"c","c","banana"
5,"pict_lang_test/bild14.png",1,"4","4","violin"
5,"pict_lang_test/bild15.png",1,"y","y","soda can"
5,"pict_lang_test/bild12.png",1,"1","1","toast"
5,"pict_lang_test/bild29.png",1,"b","b","bamboo"
5,"pict_lang_test/bild26.png",1,"l","l","drum"
5,"pict_lang_test/bild10.png",1,"q","q","lamp"
5,"pict_lang_test/bild30.png",1,"a","a","apple"
5,"pict_lang_test/bild6.png",1,"d","d","bowling ball"
5,"pict_lang_test/bild1.png",1,"z","z","tennis racket"
5,"pict_lang_test/bild3.png",1,"p","p","hourglass"
5,"pict_lang_test/bild23.png",1,"s","s","paint can"
5,"pict_lang_test/bild25.png",1,"r","r","orange"
5,"pict_lang_test/bild7.png",1,"e","e","button"
5,"pict_lang_test/bild17.png",1,"x","x","soccer ball"
5,"pict_lang_test/bild24.png",1,"m","m","flashlight"
5,"pict_lang_test/bild5.png",1,"g","g","clarinet"
5,"pict_lang_test/bild16.png",1,"2","2","trumpet"
5,"pict_lang_test/bild4.png",1,"j","j","comb"
5,"pict_lang_test/bild21.png",1,"n","n","flute"
6,"pict_lang_test/bild25.png",1,"r","r","orange"
6,"pict_lang_test/bild1.png",1,"z","z","tennis racket"
6,"pict_lang_test/bild23.png",1,"s","s","paint can"
6,"pict_lang_test/bild22.png",1,"t","t","paint brush"
6,"pict_lang_test/bild15.png",1,"y","y","soda can"
6,"pict_lang_test/bild9.png",1,"k","k","cucumber slice"
6,"pict_lang_test/bild21.png",0,"g","n","flute"
6,"pict_lang_test/bild27.png",1,"f","f","cake"
6,"pict_lang_test/bild16.png",1,"2","2","trumpet"
6,"pict_lang_test/bild17.png",1,"x","x","soccer ball"
6,"pict_lang_test/bild28.png",1,"c","c","banana"
6,"pict_lang_test/bild30.png",1,"a","a","apple"
6,"pict_lang_test/bild6.png",1,"d","d","bowling ball"
6,"pict_lang_test/bild7.png",1,"e","e","button"
6,"pict_lang_test/bild8.png",1,"h","h","clock"
6,"pict_lang_test/bild29.png",1,"b","b","bamboo"
6,"pict_lang_test/bild24.png",1,"m","m","flashlight"
6,"pict_lang_test/bild20.png",1,"i","i","coconut"
6,"pict_lang_test/bild26.png",1,"l","l","drum"
6,"pict_lang_test/bild19.png",1,"o","o","hairspray"
6,"pict_lang_test/bild5.png",1,"g","g","clarinet"
6,"pict_lang_test/bild2.png",1,"v","v","piano"
6,"pict_lang_test/bild11.png",1,"w","w","pizza pie"
6,"pict_lang_test/bild18.png",1,"u","u","pear"
6,"pict_lang_test/bild14.png",1,"4","4","violin"
6,"pict_lang_test/bild12.png",1,"1","1","toast"
6,"pict_lang_test/bild3.png",1,"p","p","hourglass"
6,"pict_lang_test/bild10.png",1,"q","q","lamp"
6,"pict_lang_test/bild4.png",1,"j","j","comb"
6,"pict_lang_test/bild13.png",1,"3","3","TV-screen"
7,"pict_lang_test/bild9.png",1,"k","k","cucumber slice"
7,"pict_lang_test/bild21.png",0,"g","n","flute"
7,"pict_lang_test/bild14.png",1,"4","4","violin"
7,"pict_lang_test/bild10.png",1,"q","q","lamp"
7,"pict_lang_test/bild27.png",1,"f","f","cake"
7,"pict_lang_test/bild12.png",1,"1","1","toast"
7,"pict_lang_test/bild11.png",1,"w","w","pizza pie"
7,"pict_lang_test/bild22.png",1,"t","t","paint brush"
7,"pict_lang_test/bild17.png",1,"x","x","soccer ball"
7,"pict_lang_test/bild19.png",0,"s","o","hairspray"
7,"pict_lang_test/bild3.png",1,"p","p","hourglass"
7,"pict_lang_test/bild7.png",1,"e","e","button"
7,"pict_lang_test/bild2.png",1,"v","v","piano"
7,"pict_lang_test/bild18.png",1,"u","u","pear"
7,"pict_lang_test/bild5.png",1,"g","g","clarinet"
7,"pict_lang_test/bild20.png",1,"i","i","coconut"
7,"pict_lang_test/bild25.png",1,"r","r","orange"
7,"pict_lang_test/bild13.png",1,"3","3","TV-screen"
7,"pict_lang_test/bild16.png",1,"2","2","trumpet"
7,"pict_lang_test/bild4.png",1,"j","j","comb"
7,"pict_lang_test/bild15.png",1,"y","y","soda can"
7,"pict_lang_test/bild8.png",1,"h","h","clock"
7,"pict_lang_test/bild30.png",1,"a","a","apple"
7,"pict_lang_test/bild26.png",1,"l","l","drum"
7,"pict_lang_test/bild28.png",1,"c","c","banana"
7,"pict_lang_test/bild6.png",1,"d","d","bowling ball"
7,"pict_lang_test/bild24.png",1,"m","m","flashlight"
7,"pict_lang_test/bild23.png",1,"s","s","paint can"
7,"pict_lang_test/bild29.png",1,"b","b","bamboo"
7,"pict_lang_test/bild1.png",1,"z","z","tennis racket"
8,"pict_lang_test/bild25.png",1,"r","r","orange"
8,"pict_lang_test/bild9.png",1,"k","k","cucumber slice"
8,"pict_lang_test/bild27.png",1,"f","f","cake"
8,"pict_lang_test/bild28.png",1,"c","c","banana"
8,"pict_lang_test/bild12.png",1,"1","1","toast"
8,"pict_lang_test/bild19.png",1,"o","o","hairspray"
8,"pict_lang_test/bild16.png",1,"2","2","trumpet"
8,"pict_lang_test/bild20.png",1,"i","i","coconut"
8,"pict_lang_test/bild18.png",1,"u","u","pear"
8,"pict_lang_test/bild8.png",1,"h","h","clock"
8,"pict_lang_test/bild6.png",1,"d","d","bowling ball"
8,"pict_lang_test/bild4.png",1,"j","j","comb"
8,"pict_lang_test/bild5.png",1,"g","g","clarinet"
8,"pict_lang_test/bild2.png",1,"v","v","piano"
8,"pict_lang_test/bild22.png",1,"t","t","paint brush"
8,"pict_lang_test/bild7.png",1,"e","e","button"
8,"pict_lang_test/bild21.png",1,"n","n","flute"
8,"pict_lang_test/bild23.png",1,"s","s","paint can"
8,"pict_lang_test/bild17.png",1,"x","x","soccer ball"
8,"pict_lang_test/bild14.png",1,"4","4","violin"
8,"pict_lang_test/bild26.png",1,"l","l","drum"
8,"pict_lang_test/bild29.png",1,"b","b","bamboo"
8,"pict_lang_test/bild13.png",1,"3","3","TV-screen"
8,"pict_lang_test/bild3.png",1,"p","p","hourglass"
8,"pict_lang_test/bild24.png",1,"m","m","flashlight"
8,"pict_lang_test/bild10.png",1,"q","q","lamp"
8,"pict_lang_test/bild11.png",1,"w","w","pizza pie"
8,"pict_lang_test/bild1.png",1,"z","z","tennis racket"
8,"pict_lang_test/bild30.png",1,"a","a","apple"
8,"pict_lang_test/bild15.png",1,"y","y","soda can"
9,"pict_lang_test/bild10.png",1,"q","q","lamp"
9,"pict_lang_test/bild11.png",1,"w","w","pizza pie"
9,"pict_lang_test/bild28.png",1,"c","c","banana"
9,"pict_lang_test/bild19.png",0,"s","o","hairspray"
9,"pict_lang_test/bild27.png",1,"f","f","cake"
9,"pict_lang_test/bild15.png",1,"y","y","soda can"
9,"pict_lang_test/bild29.png",1,"b","b","bamboo"
9,"pict_lang_test/bild26.png",1,"l","l","drum"
9,"pict_lang_test/bild7.png",1,"e","e","button"
9,"pict_lang_test/bild9.png",1,"k","k","cucumber slice"
9,"pict_lang_test/bild18.png",1,"u","u","pear"
9,"pict_lang_test/bild30.png",1,"a","a","apple"
9,"pict_lang_test/bild5.png",1,"g","g","clarinet"
9,"pict_lang_test/bild25.png",1,"r","r","orange"
9,"pict_lang_test/bild24.png",1,"m","m","flashlight"
9,"pict_lang_test/bild17.png",1,"x","x","soccer ball"
9,"pict_lang_test/bild22.png",1,"t","t","paint brush"
9,"pict_lang_test/bild13.png",1,"3","3","TV-screen"
9,"pict_lang_test/bild23.png",1,"s","s","paint can"
9,"pict_lang_test/bild3.png",1,"p","p","hourglass"
9,"pict_lang_test/bild12.png",1,"1","1","toast"
9,"pict_lang_test/bild16.png",1,"2","2","trumpet"
9,"pict_lang_test/bild1.png",1,"z","z","tennis racket"
9,"pict_lang_test/bild20.png",1,"i","i","coconut"
9,"pict_lang_test/bild2.png",1,"v","v","piano"
9,"pict_lang_test/bild14.png",1,"4","4","violin"
9,"pict_lang_test/bild8.png",1,"h","h","clock"
9,"pict_lang_test/bild21.png",1,"n","n","flute"
9,"pict_lang_test/bild6.png",1,"d","d","bowling ball"
9,"pict_lang_test/bild4.png",1,"j","j","comb"
10,"pict_lang_test/bild12.png",1,"1","1","toast"
10,"pict_lang_test/bild13.png",1,"3","3","TV-screen"
10,"pict_lang_test/bild29.png",1,"b","b","bamboo"
10,"pict_lang_test/bild5.png",1,"g","g","clarinet"
10,"pict_lang_test/bild23.png",1,"s","s","paint can"
10,"pict_lang_test/bild7.png",1,"e","e","button"
10,"pict_lang_test/bild2.png",1,"v","v","piano"
10,"pict_lang_test/bild15.png",1,"y","y","soda can"
10,"pict_lang_test/bild26.png",1,"l","l","drum"
10,"pict_lang_test/bild1.png",1,"z","z","tennis racket"
10,"pict_lang_test/bild18.png",1,"u","u","pear"
10,"pict_lang_test/bild22.png",1,"t","t","paint brush"
10,"pict_lang_test/bild24.png",1,"m","m","flashlight"
10,"pict_lang_test/bild6.png",1,"d","d","bowling ball"
10,"pict_lang_test/bild3.png",1,"p","p","hourglass"
10,"pict_lang_test/bild30.png",1,"a","a","apple"
10,"pict_lang_test/bild4.png",1,"j","j","comb"
10,"pict_lang_test/bild27.png",1,"f","f","cake"
10,"pict_lang_test/bild16.png",1,"2","2","trumpet"
10,"pict_lang_test/bild28.png",1,"c","c","banana"
10,"pict_lang_test/bild21.png",1,"n","n","flute"
10,"pict_lang_test/bild20.png",1,"i","i","coconut"
10,"pict_lang_test/bild11.png",1,"w","w","pizza pie"
10,"pict_lang_test/bild8.png",1,"h","h","clock"
10,"pict_lang_test/bild14.png",1,"4","4","violin"
10,"pict_lang_test/bild9.png",0,"e","k","cucumber slice"
10,"pict_lang_test/bild19.png",1,"o","o","hairspray"
10,"pict_lang_test/bild17.png",1,"x","x","soccer ball"
10,"pict_lang_test/bild25.png",1,"r","r","orange"
10,"pict_lang_test/bild10.png",1,"q","q","lamp"
11,"pict_lang_test/bild11.png",1,"w","w","pizza pie"
11,"pict_lang_test/bild9.png",1,"k","k","cucumber slice"
11,"pict_lang_test/bild25.png",1,"r","r","orange"
11,"pict_lang_test/bild27.png",1,"f","f","cake"
11,"pict_lang_test/bild13.png",1,"3","3","TV-screen"
11,"pict_lang_test/bild14.png",1,"4","4","violin"
11,"pict_lang_test/bild2.png",1,"v","v","piano"
11,"pict_lang_test/bild22.png",1,"t","t","paint brush"
11,"pict_lang_test/bild30.png",1,"a","a","apple"
11,"pict_lang_test/bild6.png",1,"d","d","bowling ball"
11,"pict_lang_test/bild21.png",0,"g","n","flute"
11,"pict_lang_test/bild8.png",1,"h","h","clock"
11,"pict_lang_test/bild26.png",1,"l","l","drum"
11,"pict_lang_test/bild3.png",1,"p","p","hourglass"
11,"pict_lang_test/bild20.png",1,"i","i","coconut"
11,"pict_lang_test/bild18.png",1,"u","u","pear"
11,"pict_lang_test/bild5.png",0,"n","g","clarinet"
11,"pict_lang_test/bild16.png",1,"2","2","trumpet"
11,"pict_lang_test/bild10.png",1,"q","q","lamp"
11,"pict_lang_test/bild23.png",1,"s","s","paint can"
11,"pict_lang_test/bild15.png",1,"y","y","soda can"
11,"pict_lang_test/bild19.png",1,"o","o","hairspray"
11,"pict_lang_test/bild1.png",1,"z","z","tennis racket"
11,"pict_lang_test/bild4.png",1,"j","j","comb"
11,"pict_lang_test/bild28.png",1,"c","c","banana"
11,"pict_lang_test/bild24.png",1,"m","m","flashlight"
11,"pict_lang_test/bild12.png",1,"1","1","toast"
11,"pict_lang_test/bild7.png",1,"e","e","button"
11,"pict_lang_test/bild17.png",1,"x","x","soccer ball"
11,"pict_lang_test/bild29.png",1,"b","b","bamboo"
12,"pict_lang_test/bild23.png",1,"s","s","paint can"
12,"pict_lang_test/bild11.png",1,"w","w","pizza pie"
12,"pict_lang_test/bild24.png",1,"m","m","flashlight"
12,"pict_lang_test/bild20.png",1,"i","i","coconut"
12,"pict_lang_test/bild29.png",1,"b","b","bamboo"
12,"pict_lang_test/bild6.png",1,"d","d","bowling ball"
12,"pict_lang_test/bild3.png",1,"p","p","hourglass"
12,"pict_lang_test/bild21.png",1,"n","n","flute"
12,"pict_lang_test/bild9.png",1,"k","k","cucumber slice"
12,"pict_lang_test/bild2.png",1,"v","v","piano"
12,"pict_lang_test/bild25.png",1,"r","r","orange"
12,"pict_lang_test/bild7.png",1,"e","e","button"
12,"pict_lang_test/bild18.png",1,"u","u","pear"
12,"pict_lang_test/bild15.png",1,"y","y","soda can"
12,"pict_lang_test/bild13.png",1,"3","3","TV-screen"
12,"pict_lang_test/bild10.png",1,"q","q","lamp"
12,"pict_lang_test/bild1.png",1,"z","z","tennis racket"
12,"pict_lang_test/bild26.png",1,"l","l","drum"
12,"pict_lang_test/bild12.png",1,"1","1","toast"
12,"pict_lang_test/bild8.png",1,"h","h","clock"
12,"pict_lang_test/bild14.png",1,"4","4","violin"
12,"pict_lang_test/bild22.png",1,"t","t","paint brush"
12,"pict_lang_test/bild27.png",1,"f","f","cake"
12,"pict_lang_test/bild16.png",1,"2","2","trumpet"
12,"pict_lang_test/bild5.png",1,"g","g","clarinet"
12,"pict_lang_test/bild19.png",0,"s","o","hairspray"
12,"pict_lang_test/bild28.png",1,"c","c","banana"
12,"pict_lang_test/bild17.png",1,"x","x","soccer ball"
12,"pict_lang_test/bild4.png",1,"j","j","comb"
12,"pict_lang_test/bild30.png",1,"a","a","apple"
13,"pict_lang_test/bild9.png",1,"k","k","cucumber slice"
13,"pict_lang_test/bild30.png",1,"a","a","apple"
13,"pict_lang_test/bild24.png",1,"m","m","flashlight"
13,"pict_lang_test/bild29.png",1,"b","b","bamboo"
13,"pict_lang_test/bild17.png",1,"x","x","soccer ball"
13,"pict_lang_test/bild20.png",1,"i","i","coconut"
13,"pict_lang_test/bild27.png",1,"f","f","cake"
13,"pict_lang_test/bild18.png",1,"u","u","pear"
13,"pict_lang_test/bild13.png",1,"3","3","TV-screen"
13,"pict_lang_test/bild8.png",1,"h","h","clock"
13,"pict_lang_test/bild26.png",1,"l","l","drum"
13,"pict_lang_test/bild5.png",1,"g","g","clarinet"
13,"pict_lang_test/bild12.png",1,"1","1","toast"
13,"pict_lang_test/bild22.png",1,"t","t","paint brush"
13,"pict_lang_test/bild2.png",1,"v","v","piano"
13,"pict_lang_test/bild16.png",1,"2","2","trumpet"
13,"pict_lang_test/bild7.png",1,"e","e","button"
13,"pict_lang_test/bild15.png",1,"y","y","soda can"
13,"pict_lang_test/bild28.png",1,"c","c","banana"
13,"pict_lang_test/bild4.png",1,"j","j","comb"
13,"pict_lang_test/bild10.png",1,"q","q","lamp"
13,"pict_lang_test/bild25.png",1,"r","r","orange"
13,"pict_lang_test/bild11.png",1,"w","w","pizza pie"
13,"pict_lang_test/bild6.png",1,"d","d","bowling ball"
13,"pict_lang_test/bild14.png",1,"4","4","violin"
13,"pict_lang_test/bild23.png",1,"s","s","paint can"
13,"pict_lang_test/bild19.png",1,"o","o","hairspray"
13,"pict_lang_test/bild1.png",1,"z","z","tennis racket"
13,"pict_lang_test/bild3.png",1,"p","p","hourglass"
13,"pict_lang_test/bild21.png",1,"n","n","flute"
14,"pict_lang_test/bild18.png",1,"u","u","pear"
14,"pict_lang_test/bild19.png",1,"o","o","hairspray"
14,"pict_lang_test/bild15.png",1,"y","y","soda can"
14,"pict_lang_test/bild17.png",1,"x","x","soccer ball"
14,"pict_lang_test/bild23.png",1,"s","s","paint can"
14,"pict_lang_test/bild9.png",1,"k","k","cucumber slice"
14,"pict_lang_test/bild26.png",1,"l","l","drum"
14,"pict_lang_test/bild8.png",1,"h","h","clock"
14,"pict_lang_test/bild28.png",1,"c","c","banana"
14,"pict_lang_test/bild5.png",1,"g","g","clarinet"
14,"pict_lang_test/bild11.png",1,"w","w","pizza pie"
14,"pict_lang_test/bild10.png",1,"q","q","lamp"
14,"pict_lang_test/bild13.png",1,"3","3","TV-screen"
14,"pict_lang_test/bild20.png",1,"i","i","coconut"
14,"pict_lang_test/bild12.png",1,"1","1","toast"
14,"pict_lang_test/bild27.png",1,"f","f","cake"
14,"pict_lang_test/bild4.png",1,"j","j","comb"
14,"pict_lang_test/bild29.png",1,"b","b","bamboo"
14,"pict_lang_test/bild14.png",1,"4","4","violin"
14,"pict_lang_test/bild3.png",1,"p","p","hourglass"
14,"pict_lang_test/bild25.png",1,"r","r","orange"
14,"pict_lang_test/bild1.png",1,"z","z","tennis racket"
14,"pict_lang_test/bild22.png",1,"t","t","paint brush"
14,"pict_lang_test/bild24.png",1,"m","m","flashlight"
14,"pict_lang_test/bild6.png",1,"d","d","bowling ball"
14,"pict_lang_test/bild7.png",1,"e","e","button"
14,"pict_lang_test/bild16.png",1,"2","2","trumpet"
14,"pict_lang_test/bild30.png",1,"a","a","apple"
14,"pict_lang_test/bild2.png",1,"v","v","piano"
14,"pict_lang_test/bild21.png",1,"n","n","flute"
15,"pict_lang_test/bild4.png",1,"j","j","comb"
15,"pict_lang_test/bild25.png",1,"r","r","orange"
15,"pict_lang_test/bild27.png",1,"f","f","cake"
15,"pict_lang_test/bild3.png",1,"p","p","hourglass"
15,"pict_lang_test/bild2.png",1,"v","v","piano"
15,"pict_lang_test/bild16.png",1,"2","2","trumpet"
15,"pict_lang_test/bild15.png",1,"y","y","soda can"
15,"pict_lang_test/bild5.png",1,"g","g","clarinet"
15,"pict_lang_test/bild14.png",1,"4","4","violin"
15,"pict_lang_test/bild6.png",1,"d","d","bowling ball"
15,"pict_lang_test/bild8.png",1,"h","h","clock"
15,"pict_lang_test/bild17.png",1,"x","x","soccer ball"
15,"pict_lang_test/bild18.png",1,"u","u","pear"
15,"pict_lang_test/bild29.png",1,"b","b","bamboo"
15,"pict_lang_test/bild13.png",1,"3","3","TV-screen"
15,"pict_lang_test/bild7.png",1,"e","e","button"
15,"pict_lang_test/bild1.png",1,"z","z","tennis racket"
15,"pict_lang_test/bild20.png",1,"i","i","coconut"
15,"pict_lang_test/bild23.png",0,"t","s","paint can"
15,"pict_lang_test/bild22.png",1,"t","t","paint brush"
15,"pict_lang_test/bild19.png",1,"o","o","hairspray"
15,"pict_lang_test/bild11.png",1,"w","w","pizza pie"
15,"pict_lang_test/bild10.png",1,"q","q","lamp"
15,"pict_lang_test/bild21.png",1,"n","n","flute"
15,"pict_lang_test/bild9.png",1,"k","k","cucumber slice"
15,"pict_lang_test/bild30.png",1,"a","a","apple"
15,"pict_lang_test/bild28.png",1,"c","c","banana"
15,"pict_lang_test/bild26.png",1,"l","l","drum"
15,"pict_lang_test/bild24.png",1,"m","m","flashlight"
15,"pict_lang_test/bild12.png",1,"1","1","toast"
16,"pict_lang_test/bild14.png",1,"4","4","violin"
16,"pict_lang_test/bild27.png",1,"f","f","cake"
16,"pict_lang_test/bild6.png",1,"d","d","bowling ball"
16,"pict_lang_test/bild2.png",1,"v","v","piano"
16,"pict_lang_test/bild3.png",1,"p","p","hourglass"
16,"pict_lang_test/bild24.png",1,"m","m","flashlight"
16,"pict_lang_test/bild23.png",1,"s","s","paint can"
16,"pict_lang_test/bild11.png",1,"w","w","pizza pie"
16,"pict_lang_test/bild12.png",1,"1","1","toast"
16,"pict_lang_test/bild13.png",1,"3","3","TV-screen"
16,"pict_lang_test/bild8.png",1,"h","h","clock"
16,"pict_lang_test/bild21.png",1,"n","n","flute"
16,"pict_lang_test/bild4.png",1,"j","j","comb"
16,"pict_lang_test/bild16.png",1,"2","2","trumpet"
16,"pict_lang_test/bild30.png",1,"a","a","apple"
16,"pict_lang_test/bild22.png",1,"t","t","paint brush"
16,"pict_lang_test/bild15.png",1,"y","y","soda can"
16,"pict_lang_test/bild1.png",1,"z","z","tennis racket"
16,"pict_lang_test/bild28.png",1,"c","c","banana"
16,"pict_lang_test/bild5.png",0,"n","g","clarinet"
16,"pict_lang_test/bild20.png",1,"i","i","coconut"
16,"pict_lang_test/bild7.png",1,"e","e","button"
16,"pict_lang_test/bild10.png",1,"q","q","lamp"
16,"pict_lang_test/bild26.png",1,"l","l","drum"
16,"pict_lang_test/bild29.png",1,"b","b","bamboo"
16,"pict_lang_test/bild18.png",1,"u","u","pear"
16,"pict_lang_test/bild25.png",1,"r","r","orange"
16,"pict_lang_test/bild9.png",1,"k","k","cucumber slice"
16,"pict_lang_test/bild17.png",1,"x","x","soccer ball"
16,"pict_lang_test/bild19.png",0,"s","o","hairspray"
17,"pict_lang_test/bild14.png",1,"4","4","violin"
17,"pict_lang_test/bild2.png",1,"v","v","piano"
17,"pict_lang_test/bild22.png",1,"t","t","paint brush"
17,"pict_lang_test/bild13.png",1,"3","3","TV-screen"
17,"pict_lang_test/bild19.png",0,"s","o","hairspray"
17,"pict_lang_test/bild16.png",1,"2","2","trumpet"
17,"pict_lang_test/bild30.png",1,"a","a","apple"
17,"pict_lang_test/bild8.png",1,"h","h","clock"
17,"pict_lang_test/bild1.png",1,"z","z","tennis racket"
17,"pict_lang_test/bild3.png",1,"p","p","hourglass"
17,"pict_lang_test/bild7.png",0,"b","e","button"
17,"pict_lang_test/bild17.png",1,"x","x","soccer ball"
17,"pict_lang_test/bild18.png",1,"u","u","pear"
17,"pict_lang_test/bild4.png",1,"j","j","comb"
17,"pict_lang_test/bild23.png",1,"s","s","paint can"
17,"pict_lang_test/bild26.png",1,"l","l","drum"
17,"pict_lang_test/bild5.png",1,"g","g","clarinet"
17,"pict_lang_test/bild29.png",1,"b","b","bamboo"
17,"pict_lang_test/bild10.png",1,"q","q","lamp"
17,"pict_lang_test/bild20.png",1,"i","i","coconut"
17,"pict_lang_test/bild25.png",1,"r","r","orange"
17,"pict_lang_test/bild24.png",1,"m","m","flashlight"
17,"pict_lang_test/bild27.png",1,"f","f","cake"
17,"pict_lang_test/bild6.png",1,"d","d","bowling ball"
17,"pict_lang_test/bild15.png",1,"y","y","soda can"
17,"pict_lang_test/bild21.png",1,"n","n","flute"
17,"pict_lang_test/bild28.png",1,"c","c","banana"
17,"pict_lang_test/bild9.png",1,"k","k","cucumber slice"
17,"pict_lang_test/bild11.png",1,"w","w","pizza pie"
17,"pict_lang_test/bild12.png",1,"1","1","toast"
18,"pict_lang_test/bild19.png",1,"o","o","hairspray"
18,"pict_lang_test/bild2.png",1,"v","v","piano"
18,"pict_lang_test/bild30.png",1,"a","a","apple"
18,"pict_lang_test/bild5.png",1,"g","g","clarinet"
18,"pict_lang_test/bild7.png",1,"e","e","button"
18,"pict_lang_test/bild12.png",1,"1","1","toast"
18,"pict_lang_test/bild9.png",1,"k","k","cucumber slice"
18,"pict_lang_test/bild1.png",1,"z","z","tennis racket"
18,"pict_lang_test/bild10.png",1,"q","q","lamp"
18,"pict_lang_test/bild24.png",1,"m","m","flashlight"
18,"pict_lang_test/bild16.png",1,"2","2","trumpet"
18,"pict_lang_test/bild17.png",1,"x","x","soccer ball"
18,"pict_lang_test/bild29.png",1,"b","b","bamboo"
18,"pict_lang_test/bild11.png",1,"w","w","pizza pie"
18,"pict_lang_test/bild20.png",1,"i","i","coconut"
18,"pict_lang_test/bild6.png",1,"d","d","bowling ball"
18,"pict_lang_test/bild8.png",1,"h","h","clock"
18,"pict_lang_test/bild23.png",1,"s","s","paint can"
18,"pict_lang_test/bild28.png",1,"c","c","banana"
18,"pict_lang_test/bild15.png",1,"y","y","soda can"
18,"pict_lang_test/bild4.png",1,"j","j","comb"
18,"pict_lang_test/bild14.png",1,"4","4","violin"
18,"pict_lang_test/bild25.png",1,"r","r","orange"
18,"pict_lang_test/bild13.png",1,"3","3","TV-screen"
18,"pict_lang_test/bild22.png",1,"t","t","paint brush"
18,"pict_lang_test/bild3.png",1,"p","p","hourglass"
18,"pict_lang_test/bild27.png",1,"f","f","cake"
18,"pict_lang_test/bild21.png",1,"n","n","flute"
18,"pict_lang_test/bild18.png",1,"u","u","pear"
18,"pict_lang_test/bild26.png",1,"l","l","drum"
19,"pict_lang_test/bild25.png",1,"r","r","orange"
19,"pict_lang_test/bild18.png",1,"u","u","pear"
19,"pict_lang_test/bild26.png",1,"l","l","drum"
19,"pict_lang_test/bild17.png",1,"x","x","soccer ball"
19,"pict_lang_test/bild5.png",1,"g","g","clarinet"
19,"pict_lang_test/bild10.png",1,"q","q","lamp"
19,"pict_lang_test/bild1.png",1,"z","z","tennis racket"
19,"pict_lang_test/bild12.png",1,"1","1","toast"
19,"pict_lang_test/bild13.png",1,"3","3","TV-screen"
19,"pict_lang_test/bild23.png",1,"s","s","paint can"
19,"pict_lang_test/bild30.png",1,"a","a","apple"
19,"pict_lang_test/bild11.png",1,"w","w","pizza pie"
19,"pict_lang_test/bild3.png",1,"p","p","hourglass"
19,"pict_lang_test/bild21.png",1,"n","n","flute"
19,"pict_lang_test/bild2.png",1,"v","v","piano"
19,"pict_lang_test/bild9.png",1,"k","k","cucumber slice"
19,"pict_lang_test/bild7.png",1,"e","e","button"
19,"pict_lang_test/bild20.png",1,"i","i","coconut"
19,"pict_lang_test/bild29.png",1,"b","b","bamboo"
19,"pict_lang_test/bild22.png",1,"t","t","paint brush"
19,"pict_lang_test/bild16.png",1,"2","2","trumpet"
19,"pict_lang_test/bild15.png",1,"y","y","soda can"
19,"pict_lang_test/bild27.png",1,"f","f","cake"
19,"pict_lang_test/bild19.png",1,"o","o","hairspray"
19,"pict_lang_test/bild14.png",1,"4","4","violin"
19,"pict_lang_test/bild24.png",1,"m","m","flashlight"
19,"pict_lang_test/bild28.png",1,"c","c","banana"
19,"pict_lang_test/bild6.png",1,"d","d","bowling ball"
19,"pict_lang_test/bild4.png",1,"j","j","comb"
19,"pict_lang_test/bild8.png",1,"h","h","clock"
20,"pict_lang_test/bild28.png",1,"c","c","banana"
20,"pict_lang_test/bild2.png",1,"v","v","piano"
20,"pict_lang_test/bild5.png",1,"g","g","clarinet"
20,"pict_lang_test/bild20.png",1,"i","i","coconut"
20,"pict_lang_test/bild9.png",1,"k","k","cucumber slice"
20,"pict_lang_test/bild1.png",1,"z","z","tennis racket"
20,"pict_lang_test/bild24.png",1,"m","m","flashlight"
20,"pict_lang_test/bild29.png",1,"b","b","bamboo"
20,"pict_lang_test/bild27.png",1,"f","f","cake"
20,"pict_lang_test/bild16.png",1,"2","2","trumpet"
20,"pict_lang_test/bild6.png",1,"d","d","bowling ball"
20,"pict_lang_test/bild17.png",1,"x","x","soccer ball"
20,"pict_lang_test/bild30.png",1,"a","a","apple"
20,"pict_lang_test/bild14.png",1,"4","4","violin"
20,"pict_lang_test/bild23.png",1,"s","s","paint can"
20,"pict_lang_test/bild18.png",1,"u","u","pear"
20,"pict_lang_test/bild12.png",1,"1","1","toast"
20,"pict_lang_test/bild10.png",1,"q","q","lamp"
20,"pict_lang_test/bild19.png",1,"o","o","hairspray"
20,"pict_lang_test/bild26.png",1,"l","l","drum"
20,"pict_lang_test/bild22.png",1,"t","t","paint brush"
20,"pict_lang_test/bild25.png",1,"r","r","orange"
20,"pict_lang_test/bild3.png",1,"p","p","hourglass"
20,"pict_lang_test/bild13.png",1,"3","3","TV-screen"
20,"pict_lang_test/bild7.png",1,"e","e","button"
20,"pict_lang_test/bild15.png",1,"y","y","soda can"
20,"pict_lang_test/bild4.png",1,"j","j","comb"
20,"pict_lang_test/bild21.png",1,"n","n","flute"
20,"pict_lang_test/bild11.png",1,"w","w","pizza pie"
20,"pict_lang_test/bild8.png",1,"h","h","clock"
21,"pict_lang_test/bild9.png",1,"k","k","cucumber slice"
21,"pict_lang_test/bild25.png",1,"r","r","orange"
21,"pict_lang_test/bild23.png",1,"s","s","paint can"
21,"pict_lang_test/bild26.png",1,"l","l","drum"
21,"pict_lang_test/bild13.png",1,"3","3","TV-screen"
21,"pict_lang_test/bild18.png",1,"u","u","pear"
21,"pict_lang_test/bild11.png",1,"w","w","pizza pie"
21,"pict_lang_test/bild12.png",1,"1","1","toast"
21,"pict_lang_test/bild22.png",1,"t","t","paint brush"
21,"pict_lang_test/bild24.png",1,"m","m","flashlight"
21,"pict_lang_test/bild28.png",1,"c","c","banana"
21,"pict_lang_test/bild21.png",1,"n","n","flute"
21,"pict_lang_test/bild10.png",1,"q","q","lamp"
21,"pict_lang_test/bild15.png",0,"s","y","soda can"
21,"pict_lang_test/bild19.png",1,"o","o","hairspray"
21,"pict_lang_test/bild27.png",1,"f","f","cake"
21,"pict_lang_test/bild3.png",1,"p","p","hourglass"
21,"pict_lang_test/bild1.png",1,"z","z","tennis racket"
21,"pict_lang_test/bild5.png",1,"g","g","clarinet"
21,"pict_lang_test/bild8.png",1,"h","h","clock"
21,"pict_lang_test/bild30.png",1,"a","a","apple"
21,"pict_lang_test/bild17.png",1,"x","x","soccer ball"
21,"pict_lang_test/bild4.png",1,"j","j","comb"
21,"pict_lang_test/bild14.png",1,"4","4","violin"
21,"pict_lang_test/bild20.png",1,"i","i","coconut"
21,"pict_lang_test/bild7.png",1,"e","e","button"
21,"pict_lang_test/bild29.png",1,"b","b","bamboo"
21,"pict_lang_test/bild2.png",1,"v","v","piano"
21,"pict_lang_test/bild16.png",1,"2","2","trumpet"
21,"pict_lang_test/bild6.png",1,"d","d","bowling ball"
22,"pict_lang_test/bild30.png",1,"a","a","apple"
22,"pict_lang_test/bild13.png",1,"3","3","TV-screen"
22,"pict_lang_test/bild9.png",1,"k","k","cucumber slice"
22,"pict_lang_test/bild6.png",1,"d","d","bowling ball"
22,"pict_lang_test/bild29.png",1,"b","b","bamboo"
22,"pict_lang_test/bild1.png",1,"z","z","tennis racket"
22,"pict_lang_test/bild2.png",1,"v","v","piano"
22,"pict_lang_test/bild24.png",1,"m","m","flashlight"
22,"pict_lang_test/bild23.png",1,"s","s","paint can"
22,"pict_lang_test/bild17.png",1,"x","x","soccer ball"
22,"pict_lang_test/bild4.png",1,"j","j","comb"
22,"pict_lang_test/bild28.png",1,"c","c","banana"
22,"pict_lang_test/bild7.png",1,"e","e","button"
22,"pict_lang_test/bild21.png",0,"g","n","flute"
22,"pict_lang_test/bild14.png",1,"4","4","violin"
22,"pict_lang_test/bild15.png",1,"y","y","soda can"
22,"pict_lang_test/bild27.png",1,"f","f","cake"
22,"pict_lang_test/bild26.png",1,"l","l","drum"
22,"pict_lang_test/bild8.png",1,"h","h","clock"
22,"pict_lang_test/bild3.png",1,"p","p","hourglass"
22,"pict_lang_test/bild5.png",0,"n","g","clarinet"
22,"pict_lang_test/bild16.png",1,"2","2","trumpet"
22,"pict_lang_test/bild11.png",1,"w","w","pizza pie"
22,"pict_lang_test/bild19.png",0,"s","o","hairspray"
22,"pict_lang_test/bild10.png",1,"q","q","lamp"
22,"pict_lang_test/bild20.png",0,"j","i","coconut"
22,"pict_lang_test/bild18.png",1,"u","u","pear"
22,"pict_lang_test/bild25.png",1,"r","r","orange"
22,"pict_lang_test/bild12.png",1,"1","1","toast"
22,"pict_lang_test/bild22.png",1,"t","t","paint brush"
23,"pict_lang_test/bild7.png",1,"e","e","button"
23,"pict_lang_test/bild27.png",1,"f","f","cake"
23,"pict_lang_test/bild26.png",1,"l","l","drum"
23,"pict_lang_test/bild24.png",1,"m","m","flashlight"
23,"pict_lang_test/bild13.png",1,"3","3","TV-screen"
23,"pict_lang_test/bild14.png",1,"4","4","violin"
23,"pict_lang_test/bild3.png",1,"p","p","hourglass"
23,"pict_lang_test/bild15.png",1,"y","y","soda can"
23,"pict_lang_test/bild2.png",1,"v","v","piano"
23,"pict_lang_test/bild6.png",1,"d","d","bowling ball"
23,"pict_lang_test/bild11.png",1,"w","w","pizza pie"
23,"pict_lang_test/bild20.png",1,"i","i","coconut"
23,"pict_lang_test/bild23.png",1,"s","s","paint can"
23,"pict_lang_test/bild29.png",1,"b","b","bamboo"
23,"pict_lang_test/bild12.png",0,"i","1","toast"
23,"pict_lang_test/bild1.png",1,"z","z","tennis racket"
23,"pict_lang_test/bild5.png",1,"g","g","clarinet"
23,"pict_lang_test/bild19.png",0,"s","o","hairspray"
23,"pict_lang_test/bild10.png",1,"q","q","lamp"
23,"pict_lang_test/bild22.png",1,"t","t","paint brush"
23,"pict_lang_test/bild4.png",1,"j","j","comb"
23,"pict_lang_test/bild16.png",1,"2","2","trumpet"
23,"pict_lang_test/bild18.png",1,"u","u","pear"
23,"pict_lang_test/bild21.png",0,"g","n","flute"
23,"pict_lang_test/bild28.png",1,"c","c","banana"
23,"pict_lang_test/bild8.png",1,"h","h","clock"
23,"pict_lang_test/bild17.png",1,"x","x","soccer ball"
23,"pict_lang_test/bild30.png",1,"a","a","apple"
23,"pict_lang_test/bild25.png",1,"r","r","orange"
23,"pict_lang_test/bild9.png",1,"k","k","cucumber slice"
24,"pict_lang_test/bild23.png",1,"s","s","paint can"
24,"pict_lang_test/bild24.png",1,"m","m","flashlight"
24,"pict_lang_test/bild17.png",1,"x","x","soccer ball"
24,"pict_lang_test/bild14.png",1,"4","4","violin"
24,"pict_lang_test/bild12.png",1,"1","1","toast"
24,"pict_lang_test/bild28.png",1,"c","c","banana"
24,"pict_lang_test/bild20.png",1,"i","i","coconut"
24,"pict_lang_test/bild27.png",1,"f","f","cake"
24,"pict_lang_test/bild4.png",1,"j","j","comb"
24,"pict_lang_test/bild22.png",1,"t","t","paint brush"
24,"pict_lang_test/bild5.png",1,"g","g","clarinet"
24,"pict_lang_test/bild10.png",1,"q","q","lamp"
24,"pict_lang_test/bild8.png",1,"h","h","clock"
24,"pict_lang_test/bild16.png",1,"2","2","trumpet"
24,"pict_lang_test/bild7.png",1,"e","e","button"
24,"pict_lang_test/bild13.png",1,"3","3","TV-screen"
24,"pict_lang_test/bild30.png",1,"a","a","apple"
24,"pict_lang_test/bild26.png",1,"l","l","drum"
24,"pict_lang_test/bild21.png",1,"n","n","flute"
24,"pict_lang_test/bild3.png",1,"p","p","hourglass"
24,"pict_lang_test/bild1.png",1,"z","z","tennis racket"
24,"pict_lang_test/bild15.png",1,"y","y","soda can"
24,"pict_lang_test/bild19.png",1,"o","o","hairspray"
24,"pict_lang_test/bild29.png",1,"b","b","bamboo"
24,"pict_lang_test/bild11.png",1,"w","w","pizza pie"
24,"pict_lang_test/bild25.png",1,"r","r","orange"
24,"pict_lang_test/bild6.png",1,"d","d","bowling ball"
24,"pict_lang_test/bild9.png",1,"k","k","cucumber slice"
24,"pict_lang_test/bild18.png",1,"u","u","pear"
24,"pict_lang_test/bild2.png",1,"v","v","piano"
