"Subject","Language","Type","Item","Trial","Score","RT"
1,"L1","kontroll","audio/n7.wav",1,0,2.611920007
1,"L1","kontroll","audio/n20.wav",2,1,1.059836147
1,"L1","visuospatial","audio/n22.wav",3,1,0.575402363
1,"L1","kontroll","audio/n17.wav",4,1,0.209312333
1,"L1","visuospatial","audio/n24.wav",5,1,0.309044608
1,"L1","visuell","audio/n10.wav",6,1,0.256912625
1,"L1","visuell","audio/n9.wav",7,1,0.040895211
1,"L1","kontroll","audio/n5.wav",8,0,0.841625675
1,"L1","visuell","audio/n13.wav",9,1,0.175445785
1,"L1","visuospatial","audio/n4.wav",10,1,0.258264688
1,"L1","kontroll","audio/n18.wav",11,1,0.442251253
1,"L1","visuospatial","audio/n3.wav",12,1,0.256975807
1,"L1","visuell","audio/n16.wav",13,1,-0.343781343
1,"L1","visuell","audio/n15.wav",14,1,-0.409654607
1,"L1","visuospatial","audio/n21.wav",15,0,2.894985522
1,"L1","visuell","audio/n12.wav",16,1,-0.143264257
1,"L1","visuell","audio/n11.wav",17,1,1.594529803
1,"L1","kontroll","audio/n8.wav",18,1,-0.158238331
1,"L1","kontroll","audio/n6.wav",19,0,0.510326589
1,"L1","visuospatial","audio/n2.wav",20,1,-0.025624347
1,"L1","visuospatial","audio/n1.wav",21,1,-0.126539853
1,"L1","kontroll","audio/n19.wav",22,1,-0.22844944
1,"L1","visuospatial","audio/n23.wav",23,1,-0.093807298
1,"L1","visuell","audio/n14.wav",24,1,0.357627546
1,"L2","kontroll","audio/r15.wav",1,1,1.377922255
1,"L2","visuell","audio/r3.wav",2,1,0.825553679
1,"L2","visuell","audio/r1.wav",3,1,4.014926616
1,"L2","kontroll","audio/r10.wav",4,1,0.307703945
1,"L2","visuospatial","audio/r20.wav",5,1,0.52428501
1,"L2","visuospatial","audio/r24.wav",6,1,1.142122653
1,"L2","visuospatial","audio/r21.wav",7,0,0.041729419
1,"L2","visuospatial","audio/r19.wav",8,0,3.064222309
1,"L2","kontroll","audio/r9.wav",9,1,3.031539437
1,"L2","kontroll","audio/r13.wav",10,1,0.474892042
1,"L2","visuell","audio/r8.wav",11,1,0.241226955
1,"L2","kontroll","audio/r11.wav",12,1,0.474625227
1,"L2","kontroll","audio/r14.wav",13,1,0.072912217
1,"L2","visuell","audio/r6.wav",14,1,1.392935859
1,"L2","visuell","audio/r5.wav",15,1,0.641166086
1,"L2","visuell","audio/r4.wav",16,1,0.457795063
1,"L2","kontroll","audio/r16.wav",17,1,0.892410903
1,"L2","kontroll","audio/r12.wav",18,1,-0.0412167
1,"L2","visuospatial","audio/r18.wav",19,1,2.361869663
1,"L2","visuospatial","audio/r17.wav",20,1,0.392322478
1,"L2","visuell","audio/r2.wav",21,1,0.391082199
1,"L2","visuell","audio/r7.wav",22,1,4.750111586
1,"L2","visuospatial","audio/r23.wav",23,0,3.749061573
1,"L2","visuospatial","audio/r22.wav",24,1,0.291722051
2,"L1","visuell","audio/n10.wav",1,0,3.694288624
2,"L1","kontroll","audio/n8.wav",2,0,5.465338191
2,"L1","visuell","audio/n14.wav",3,1,4.1618075
2,"L1","kontroll","audio/n18.wav",4,1,3.94502417
2,"L1","kontroll","audio/n5.wav",5,1,2.242452561
2,"L1","visuell","audio/n16.wav",6,1,2.208433622
2,"L1","kontroll","audio/n7.wav",7,1,7.735385221
2,"L1","visuospatial","audio/n22.wav",8,1,3.343762275
2,"L1","kontroll","audio/n20.wav",9,1,1.505006914
2,"L1","visuell","audio/n11.wav",10,1,4.094531643
2,"L1","kontroll","audio/n19.wav",11,1,2.375987722
2,"L1","visuospatial","audio/n24.wav",12,1,1.908061686
2,"L1","visuell","audio/n15.wav",13,1,4.194926044
2,"L1","visuospatial","audio/n4.wav",14,1,4.779883946
2,"L1","kontroll","audio/n6.wav",15,1,5.547358199
2,"L1","visuospatial","audio/n23.wav",16,1,2.476355861
2,"L1","visuell","audio/n9.wav",17,1,3.311707931
2,"L1","visuospatial","audio/n2.wav",18,0,4.830474566
2,"L1","kontroll","audio/n17.wav",19,1,2.723371286
2,"L1","visuell","audio/n12.wav",20,1,4.980909958
2,"L1","visuospatial","audio/n1.wav",21,0,2.656357971
2,"L1","visuospatial","audio/n21.wav",22,1,2.275022672
2,"L1","visuospatial","audio/n3.wav",23,1,3.07666739
2,"L1","visuell","audio/n13.wav",24,0,3.159789953
2,"L2","visuell","audio/r6.wav",1,0,3.343950295
2,"L2","visuospatial","audio/r22.wav",2,0,14.31804472
2,"L2","visuospatial","audio/r18.wav",3,1,2.291408015
2,"L2","kontroll","audio/r11.wav",4,1,2.174631956
2,"L2","visuospatial","audio/r20.wav",5,0,1.606895938
2,"L2","visuospatial","audio/r24.wav",6,1,2.391611747
2,"L2","kontroll","audio/r16.wav",7,1,1.673678573
2,"L2","visuell","audio/r5.wav",8,0,1.841324549
2,"L2","kontroll","audio/r15.wav",9,0,0.955202185
2,"L2","kontroll","audio/r12.wav",10,1,3.009062528
2,"L2","visuell","audio/r4.wav",11,1,0.887174177
2,"L2","visuell","audio/r3.wav",12,1,0.639362712
2,"L2","kontroll","audio/r13.wav",13,1,0.972868748
2,"L2","kontroll","audio/r9.wav",14,1,1.288810082
2,"L2","visuospatial","audio/r19.wav",15,1,1.138020686
2,"L2","visuell","audio/r8.wav",16,0,0.504708467
2,"L2","kontroll","audio/r10.wav",17,1,0.670492598
2,"L2","visuell","audio/r2.wav",18,1,1.054509375
2,"L2","visuospatial","audio/r21.wav",19,1,2.206965297
2,"L2","visuospatial","audio/r23.wav",20,1,2.975746948
2,"L2","kontroll","audio/r14.wav",21,1,0.571641178
2,"L2","visuell","audio/r7.wav",22,1,1.105583846
2,"L2","visuospatial","audio/r17.wav",23,1,3.394900689
2,"L2","visuell","audio/r1.wav",24,1,1.305958364
3,"L1","kontroll","audio/n17.wav",1,1,1.756582207
3,"L1","visuell","audio/n12.wav",2,0,8.40402707
3,"L1","visuospatial","audio/n2.wav",3,1,0.889699875
3,"L1","kontroll","audio/n7.wav",4,1,1.707078503
3,"L1","visuospatial","audio/n21.wav",5,1,2.873575073
3,"L1","visuospatial","audio/n23.wav",6,1,2.859901255
3,"L1","kontroll","audio/n20.wav",7,0,2.322993247
3,"L1","kontroll","audio/n8.wav",8,1,1.873524935
3,"L1","kontroll","audio/n19.wav",9,1,2.659231319
3,"L1","visuell","audio/n15.wav",10,1,2.409242137
3,"L1","visuell","audio/n9.wav",11,1,5.278312049
3,"L1","visuospatial","audio/n24.wav",12,1,2.223823995
3,"L1","visuell","audio/n10.wav",13,1,2.073832687
3,"L1","visuospatial","audio/n22.wav",14,1,2.021917281
3,"L1","visuospatial","audio/n4.wav",15,1,2.14224741
3,"L1","visuell","audio/n11.wav",16,1,2.525305262
3,"L1","visuospatial","audio/n3.wav",17,1,2.659495986
3,"L1","visuospatial","audio/n1.wav",18,1,3.37671081
3,"L1","visuell","audio/n13.wav",19,1,7.067595249
3,"L1","visuell","audio/n16.wav",20,1,2.659221584
3,"L1","kontroll","audio/n18.wav",21,1,2.90896094
3,"L1","visuell","audio/n14.wav",22,1,2.125198805
3,"L1","kontroll","audio/n5.wav",23,1,1.841361782
3,"L1","kontroll","audio/n6.wav",24,1,1.221969622
3,"L2","visuell","audio/r1.wav",1,1,0.770765937
3,"L2","kontroll","audio/r16.wav",2,1,2.32998259
3,"L2","visuospatial","audio/r23.wav",3,1,2.375582161
3,"L2","kontroll","audio/r12.wav",4,1,10.05817301
3,"L2","kontroll","audio/r10.wav",5,1,1.554047002
3,"L2","kontroll","audio/r11.wav",6,1,2.29111576
3,"L2","visuell","audio/r2.wav",7,1,2.626576511
3,"L2","visuospatial","audio/r19.wav",8,1,1.974046323
3,"L2","kontroll","audio/r15.wav",9,1,1.524349127
3,"L2","visuospatial","audio/r21.wav",10,1,1.957993893
3,"L2","visuell","audio/r4.wav",11,1,6.935529827
3,"L2","visuell","audio/r8.wav",12,1,21.68345711
3,"L2","kontroll","audio/r9.wav",13,0,19.82944413
3,"L2","visuell","audio/r3.wav",14,1,1.505284231
3,"L2","kontroll","audio/r13.wav",15,1,1.390033794
3,"L2","visuell","audio/r5.wav",16,1,1.924170182
3,"L2","visuospatial","audio/r18.wav",17,1,1.589837868
3,"L2","visuospatial","audio/r20.wav",18,1,1.372382338
3,"L2","kontroll","audio/r14.wav",19,1,1.155165136
3,"L2","visuell","audio/r7.wav",20,1,1.404200284
3,"L2","visuell","audio/r6.wav",21,0,7.06807823
3,"L2","visuospatial","audio/r24.wav",22,1,2.342316461
3,"L2","visuospatial","audio/r17.wav",23,1,1.039196419
3,"L2","visuospatial","audio/r22.wav",24,1,1.705556263
4,"L1","visuospatial","audio/n2.wav",1,1,3.343021783
4,"L1","kontroll","audio/n19.wav",2,1,1.908765096
4,"L1","kontroll","audio/n5.wav",3,1,1.656860145
4,"L1","visuell","audio/n13.wav",4,1,2.574782636
4,"L1","kontroll","audio/n6.wav",5,1,1.655907938
4,"L1","visuospatial","audio/n24.wav",6,1,1.858161545
4,"L1","visuospatial","audio/n3.wav",7,1,1.975022461
4,"L1","visuell","audio/n15.wav",8,1,2.208854751
4,"L1","visuospatial","audio/n21.wav",9,1,1.941724179
4,"L1","visuell","audio/n11.wav",10,0,6.167298672
4,"L1","visuospatial","audio/n22.wav",11,1,2.13888269
4,"L1","visuospatial","audio/n23.wav",12,1,3.293316719
4,"L1","visuell","audio/n10.wav",13,1,2.842673111
4,"L1","visuell","audio/n14.wav",14,1,1.907049718
4,"L1","visuell","audio/n9.wav",15,1,3.761604169
4,"L1","visuospatial","audio/n1.wav",16,1,3.226544114
4,"L1","kontroll","audio/n18.wav",17,1,1.924313158
4,"L1","visuell","audio/n16.wav",18,1,3.293889707
4,"L1","visuell","audio/n12.wav",19,1,5.664811894
4,"L1","kontroll","audio/n7.wav",20,0,1.139198659
4,"L1","kontroll","audio/n8.wav",21,1,4.462439436
4,"L1","kontroll","audio/n17.wav",22,1,3.829505001
4,"L1","visuospatial","audio/n4.wav",23,1,3.861548047
4,"L1","kontroll","audio/n20.wav",24,1,2.875766867
4,"L2","visuell","audio/r3.wav",1,1,0.804468899
4,"L2","kontroll","audio/r13.wav",2,1,1.622659781
4,"L2","visuell","audio/r1.wav",3,1,1.841573513
4,"L2","kontroll","audio/r14.wav",4,1,1.355957007
4,"L2","visuell","audio/r6.wav",5,1,1.92369379
4,"L2","visuospatial","audio/r24.wav",6,1,3.474783278
4,"L2","visuospatial","audio/r18.wav",7,1,2.025154557
4,"L2","visuospatial","audio/r23.wav",8,1,2.592139998
4,"L2","visuospatial","audio/r17.wav",9,1,3.075634208
4,"L2","visuospatial","audio/r19.wav",10,1,2.207084145
4,"L2","kontroll","audio/r11.wav",11,1,2.107574024
4,"L2","kontroll","audio/r10.wav",12,1,3.175600016
4,"L2","kontroll","audio/r12.wav",13,1,1.875217433
4,"L2","visuospatial","audio/r20.wav",14,1,1.806993889
4,"L2","kontroll","audio/r16.wav",15,1,3.326321318
4,"L2","visuospatial","audio/r21.wav",16,1,1.790181765
4,"L2","visuell","audio/r7.wav",17,1,1.006432472
4,"L2","visuell","audio/r4.wav",18,1,2.307694056
4,"L2","visuell","audio/r8.wav",19,1,1.322171653
4,"L2","kontroll","audio/r15.wav",20,1,1.188667348
4,"L2","kontroll","audio/r9.wav",21,1,3.410027143
4,"L2","visuell","audio/r5.wav",22,1,1.823387349
4,"L2","visuell","audio/r2.wav",23,1,1.372832535
4,"L2","visuospatial","audio/r22.wav",24,1,1.756621293
5,"L1","visuospatial","audio/n21.wav",1,1,3.49339316
5,"L1","kontroll","audio/n17.wav",2,1,0.405312465
5,"L1","kontroll","audio/n6.wav",3,1,0.471122125
5,"L1","visuell","audio/n14.wav",4,1,1.607302999
5,"L1","visuospatial","audio/n2.wav",5,1,6.300399808
5,"L1","visuell","audio/n15.wav",6,0,4.580334111
5,"L1","kontroll","audio/n7.wav",7,1,3.541661623
5,"L1","kontroll","audio/n8.wav",8,1,0.187803816
5,"L1","visuospatial","audio/n22.wav",9,1,0.603329311
5,"L1","visuospatial","audio/n1.wav",10,1,1.020896535
5,"L1","visuospatial","audio/n3.wav",11,1,0.470892311
5,"L1","visuell","audio/n16.wav",12,1,6.902483824
5,"L1","visuospatial","audio/n23.wav",13,1,1.155350833
5,"L1","visuospatial","audio/n24.wav",14,1,0.56986255
5,"L1","visuell","audio/n12.wav",15,1,5.8659353
5,"L1","visuospatial","audio/n4.wav",16,1,0.30260131
5,"L1","kontroll","audio/n18.wav",17,1,0.236050323
5,"L1","kontroll","audio/n19.wav",18,1,0.184600719
5,"L1","kontroll","audio/n20.wav",19,1,0.571190822
5,"L1","visuell","audio/n10.wav",20,0,4.795695622
5,"L1","kontroll","audio/n5.wav",21,1,1.357329031
5,"L1","visuell","audio/n9.wav",22,1,3.594645912
5,"L1","visuell","audio/n11.wav",23,0,0.288143857
5,"L1","visuell","audio/n13.wav",24,1,7.251568025
5,"L2","visuospatial","audio/r24.wav",1,1,3.427481476
5,"L2","kontroll","audio/r14.wav",2,1,6.514633494
5,"L2","kontroll","audio/r16.wav",3,1,2.207330589
5,"L2","visuospatial","audio/r17.wav",4,1,2.891777016
5,"L2","kontroll","audio/r9.wav",5,1,0.771896733
5,"L2","visuell","audio/r6.wav",6,1,1.406552709
5,"L2","visuell","audio/r5.wav",7,1,1.106261035
5,"L2","visuospatial","audio/r18.wav",8,0,6.916954135
5,"L2","kontroll","audio/r12.wav",9,0,5.215587327
5,"L2","visuospatial","audio/r19.wav",10,1,1.872688348
5,"L2","visuell","audio/r7.wav",11,1,0.269577018
5,"L2","visuell","audio/r2.wav",12,1,1.123296564
5,"L2","visuospatial","audio/r20.wav",13,1,1.425710109
5,"L2","kontroll","audio/r13.wav",14,1,0.554944966
5,"L2","visuell","audio/r8.wav",15,1,1.840083048
5,"L2","visuell","audio/r4.wav",16,0,1.188805186
5,"L2","kontroll","audio/r10.wav",17,1,2.207940792
5,"L2","kontroll","audio/r15.wav",18,1,0.305083085
5,"L2","kontroll","audio/r11.wav",19,1,0.270256771
5,"L2","visuospatial","audio/r21.wav",20,1,0.220702165
5,"L2","visuospatial","audio/r22.wav",21,1,3.244574509
5,"L2","visuell","audio/r1.wav",22,1,10.97761802
5,"L2","visuospatial","audio/r23.wav",23,1,4.313447082
5,"L2","visuell","audio/r3.wav",24,1,0.487507993
6,"L1","visuell","audio/n9.wav",1,1,2.24091291
6,"L1","visuospatial","audio/n3.wav",2,1,0.970760729
6,"L1","visuospatial","audio/n4.wav",3,1,3.124044965
6,"L1","kontroll","audio/n5.wav",4,1,0.988580081
6,"L1","visuell","audio/n16.wav",5,1,2.258952773
6,"L1","visuospatial","audio/n2.wav",6,0,0.820706611
6,"L1","visuospatial","audio/n23.wav",7,1,2.692134785
6,"L1","visuell","audio/n11.wav",8,1,1.154773991
6,"L1","visuell","audio/n13.wav",9,1,1.072630859
6,"L1","visuospatial","audio/n24.wav",10,1,0.602191415
6,"L1","kontroll","audio/n7.wav",11,0,1.706426429
6,"L1","visuell","audio/n12.wav",12,1,0.921104527
6,"L1","kontroll","audio/n20.wav",13,0,2.290460094
6,"L1","kontroll","audio/n6.wav",14,0,6.15232843
6,"L1","visuell","audio/n14.wav",15,1,0.539113057
6,"L1","visuospatial","audio/n21.wav",16,1,0.486768087
6,"L1","visuospatial","audio/n22.wav",17,1,0.351406179
6,"L1","visuell","audio/n10.wav",18,1,0.404391192
6,"L1","visuell","audio/n15.wav",19,1,0.25370338
6,"L1","kontroll","audio/n19.wav",20,1,0.320056625
6,"L1","kontroll","audio/n8.wav",21,1,0.406470847
6,"L1","kontroll","audio/n18.wav",22,0,0.252480978
6,"L1","visuospatial","audio/n1.wav",23,1,2.609110864
6,"L1","kontroll","audio/n17.wav",24,1,1.507414807
6,"L2","visuell","audio/r3.wav",1,1,0.219243125
6,"L2","visuell","audio/r8.wav",2,1,0.955640236
6,"L2","visuospatial","audio/r20.wav",3,1,0.621638973
6,"L2","visuell","audio/r7.wav",4,1,0.154735923
6,"L2","visuospatial","audio/r19.wav",5,1,0.620290295
6,"L2","kontroll","audio/r13.wav",6,1,0.204213754
6,"L2","kontroll","audio/r16.wav",7,0,0.91958866
6,"L2","visuospatial","audio/r17.wav",8,1,0.637476301
6,"L2","visuospatial","audio/r23.wav",9,0,0.656168166
6,"L2","visuell","audio/r5.wav",10,1,0.169631704
6,"L2","kontroll","audio/r15.wav",11,0,0.604503503
6,"L2","visuospatial","audio/r21.wav",12,1,0.336779982
6,"L2","visuell","audio/r2.wav",13,1,0.436863945
6,"L2","visuospatial","audio/r22.wav",14,1,0.703268813
6,"L2","visuell","audio/r1.wav",15,1,0.455452843
6,"L2","kontroll","audio/r14.wav",16,1,0.237050511
6,"L2","visuell","audio/r4.wav",17,1,0.470223616
6,"L2","visuospatial","audio/r24.wav",18,1,0.386653953
6,"L2","kontroll","audio/r10.wav",19,1,0.072002599
6,"L2","kontroll","audio/r12.wav",20,1,0.153690034
6,"L2","visuell","audio/r6.wav",21,1,4.279232711
6,"L2","visuospatial","audio/r18.wav",22,1,0.270080974
6,"L2","kontroll","audio/r9.wav",23,1,0.771128099
6,"L2","kontroll","audio/r11.wav",24,1,0.93586643
7,"L1","visuell","audio/n15.wav",1,0,0.675913974
7,"L1","kontroll","audio/n20.wav",2,1,1.143910062
7,"L1","kontroll","audio/n7.wav",3,1,0.76029294
7,"L1","visuospatial","audio/n1.wav",4,1,1.610547377
7,"L1","kontroll","audio/n8.wav",5,1,3.213804953
7,"L1","visuell","audio/n9.wav",6,1,4.082441694
7,"L1","visuospatial","audio/n2.wav",7,1,1.344302571
7,"L1","visuell","audio/n10.wav",8,1,2.346267408
7,"L1","visuell","audio/n12.wav",9,1,8.224545181
7,"L1","visuell","audio/n11.wav",10,1,1.910630327
7,"L1","visuospatial","audio/n22.wav",11,0,1.027842656
7,"L1","visuospatial","audio/n21.wav",12,1,0.874828923
7,"L1","visuell","audio/n16.wav",13,1,2.144446438
7,"L1","kontroll","audio/n5.wav",14,1,7.806818063
7,"L1","kontroll","audio/n6.wav",15,1,5.569189265
7,"L1","kontroll","audio/n18.wav",16,1,1.845576717
7,"L1","kontroll","audio/n17.wav",17,1,2.714468633
7,"L1","visuell","audio/n13.wav",18,0,5.88426321
7,"L1","visuospatial","audio/n24.wav",19,1,1.126049467
7,"L1","kontroll","audio/n19.wav",20,1,0.908846586
7,"L1","visuospatial","audio/n23.wav",21,1,0.925570169
7,"L1","visuell","audio/n14.wav",22,1,0.944249849
7,"L1","visuospatial","audio/n3.wav",23,1,1.343428081
7,"L1","visuospatial","audio/n4.wav",24,1,2.479720904
7,"L2","visuell","audio/r5.wav",1,0,5.418226261
7,"L2","visuospatial","audio/r23.wav",2,1,1.108820158
7,"L2","visuospatial","audio/r17.wav",3,1,0.725413783
7,"L2","visuospatial","audio/r21.wav",4,1,1.477209222
7,"L2","visuell","audio/r3.wav",5,1,3.431395921
7,"L2","visuospatial","audio/r22.wav",6,1,11.59820505
7,"L2","visuell","audio/r4.wav",7,1,4.066144209
7,"L2","kontroll","audio/r16.wav",8,1,8.742091487
7,"L2","visuospatial","audio/r20.wav",9,0,5.468997536
7,"L2","visuell","audio/r7.wav",10,1,0.842219804
7,"L2","kontroll","audio/r12.wav",11,0,5.935991645
7,"L2","visuospatial","audio/r24.wav",12,0,6.438482605
7,"L2","visuospatial","audio/r18.wav",13,1,0.875636872
7,"L2","kontroll","audio/r9.wav",14,1,1.393657208
7,"L2","kontroll","audio/r13.wav",15,1,2.228074663
7,"L2","visuell","audio/r6.wav",16,1,1.375645227
7,"L2","visuell","audio/r2.wav",17,1,0.72525113
7,"L2","kontroll","audio/r10.wav",18,1,1.659985124
7,"L2","kontroll","audio/r11.wav",19,1,0.839916455
7,"L2","visuell","audio/r1.wav",20,1,3.815312743
7,"L2","visuospatial","audio/r19.wav",21,1,4.01574527
7,"L2","kontroll","audio/r15.wav",22,1,2.812413499
7,"L2","kontroll","audio/r14.wav",23,1,0.74165013
7,"L2","visuell","audio/r8.wav",24,1,0.67295461
8,"L1","kontroll","audio/n19.wav",1,1,1.292530307
8,"L1","visuospatial","audio/n4.wav",2,1,1.09224215
8,"L1","kontroll","audio/n5.wav",3,1,1.276405207
8,"L1","visuell","audio/n15.wav",4,1,0.857153239
8,"L1","kontroll","audio/n6.wav",5,1,0.624711582
8,"L1","visuell","audio/n11.wav",6,1,0.908259942
8,"L1","visuospatial","audio/n1.wav",7,1,2.128208685
8,"L1","visuospatial","audio/n3.wav",8,1,1.02763976
8,"L1","visuospatial","audio/n22.wav",9,1,0.825834
8,"L1","kontroll","audio/n8.wav",10,1,0.791858997
8,"L1","visuell","audio/n9.wav",11,1,1.810346278
8,"L1","visuell","audio/n16.wav",12,1,1.125987022
8,"L1","visuospatial","audio/n24.wav",13,1,0.759321348
8,"L1","visuell","audio/n13.wav",14,1,0.624934048
8,"L1","visuell","audio/n12.wav",15,1,0.540784091
8,"L1","visuospatial","audio/n23.wav",16,1,1.343138483
8,"L1","kontroll","audio/n18.wav",17,1,0.775047125
8,"L1","visuospatial","audio/n21.wav",18,1,1.410611848
8,"L1","kontroll","audio/n20.wav",19,1,0.894267955
8,"L1","kontroll","audio/n7.wav",20,1,1.175421296
8,"L1","kontroll","audio/n17.wav",21,1,1.444847921
8,"L1","visuell","audio/n10.wav",22,1,1.544852936
8,"L1","visuospatial","audio/n2.wav",23,1,1.125623066
8,"L1","visuell","audio/n14.wav",24,1,0.709022855
8,"L2","kontroll","audio/r14.wav",1,1,1.123999941
8,"L2","visuell","audio/r5.wav",2,1,0.642100913
8,"L2","visuospatial","audio/r23.wav",3,1,0.858457457
8,"L2","visuospatial","audio/r18.wav",4,1,0.890140421
8,"L2","kontroll","audio/r9.wav",5,1,0.859205866
8,"L2","visuell","audio/r4.wav",6,1,0.809512176
8,"L2","visuospatial","audio/r19.wav",7,1,2.129151253
8,"L2","visuell","audio/r1.wav",8,1,1.060275398
8,"L2","kontroll","audio/r13.wav",9,1,0.942531015
8,"L2","visuell","audio/r7.wav",10,1,1.377730308
8,"L2","visuospatial","audio/r20.wav",11,1,0.791742761
8,"L2","visuospatial","audio/r17.wav",12,1,1.627106348
8,"L2","visuospatial","audio/r24.wav",13,1,1.595372551
8,"L2","visuospatial","audio/r21.wav",14,1,0.575129402
8,"L2","kontroll","audio/r12.wav",15,1,0.47586194
8,"L2","kontroll","audio/r11.wav",16,1,0.35859786
8,"L2","visuell","audio/r8.wav",17,0,1.67658299
8,"L2","visuell","audio/r2.wav",18,1,0.791771367
8,"L2","kontroll","audio/r10.wav",19,1,0.442414397
8,"L2","kontroll","audio/r15.wav",20,1,0.541916703
8,"L2","kontroll","audio/r16.wav",21,1,1.126298559
8,"L2","visuell","audio/r3.wav",22,1,0.224176738
8,"L2","visuospatial","audio/r22.wav",23,1,0.541159268
8,"L2","visuell","audio/r6.wav",24,1,3.647701769
9,"L1","visuell","audio/n16.wav",1,1,0.941584728
9,"L1","visuell","audio/n11.wav",2,1,2.244541967
9,"L1","visuospatial","audio/n2.wav",3,1,2.094468426
9,"L1","visuell","audio/n12.wav",4,1,4.21547167
9,"L1","visuell","audio/n15.wav",5,1,0.305587164
9,"L1","kontroll","audio/n5.wav",6,1,0.440792509
9,"L1","visuospatial","audio/n4.wav",7,1,3.49722016
9,"L1","kontroll","audio/n17.wav",8,1,1.476088715
9,"L1","visuell","audio/n14.wav",9,1,0.841494883
9,"L1","visuell","audio/n10.wav",10,1,3.297174949
9,"L1","kontroll","audio/n8.wav",11,1,0.624385347
9,"L1","kontroll","audio/n20.wav",12,1,1.392712335
9,"L1","visuospatial","audio/n21.wav",13,1,0.976957976
9,"L1","visuospatial","audio/n24.wav",14,1,0.724896944
9,"L1","visuell","audio/n13.wav",15,1,4.198932853
9,"L1","kontroll","audio/n19.wav",16,1,0.490763151
9,"L1","visuospatial","audio/n23.wav",17,1,1.15881923
9,"L1","kontroll","audio/n7.wav",18,1,4.933659887
9,"L1","visuell","audio/n9.wav",19,1,0.807978728
9,"L1","kontroll","audio/n6.wav",20,1,0.908485724
9,"L1","visuospatial","audio/n3.wav",21,1,0.89158738
9,"L1","visuospatial","audio/n1.wav",22,1,0.590829143
9,"L1","visuospatial","audio/n22.wav",23,1,0.273921788
9,"L1","kontroll","audio/n18.wav",24,1,0.591007055
9,"L2","visuospatial","audio/r23.wav",1,1,2.41171277
9,"L2","visuell","audio/r1.wav",2,0,0.507377294
9,"L2","visuospatial","audio/r18.wav",3,1,1.042475876
9,"L2","visuospatial","audio/r19.wav",4,1,0.7747197
9,"L2","visuospatial","audio/r17.wav",5,1,0.708048322
9,"L2","kontroll","audio/r11.wav",6,1,0.672805923
9,"L2","visuospatial","audio/r21.wav",7,1,0.340333469
9,"L2","kontroll","audio/r9.wav",8,0,0.30705899
9,"L2","visuospatial","audio/r24.wav",9,0,0.423879537
9,"L2","kontroll","audio/r12.wav",10,1,0.973448299
9,"L2","visuell","audio/r2.wav",11,0,4.315674034
9,"L2","visuell","audio/r5.wav",12,0,2.445287699
9,"L2","visuell","audio/r6.wav",13,1,0.624311144
9,"L2","visuell","audio/r3.wav",14,1,3.664029381
9,"L2","visuell","audio/r7.wav",15,1,0.958385867
9,"L2","kontroll","audio/r14.wav",16,1,3.146473177
9,"L2","visuell","audio/r4.wav",17,1,1.509504062
9,"L2","kontroll","audio/r15.wav",18,1,0.808169897
9,"L2","visuospatial","audio/r20.wav",19,0,6.403421515
9,"L2","kontroll","audio/r16.wav",20,1,0.190152756
9,"L2","visuospatial","audio/r22.wav",21,1,5.150756795
9,"L2","kontroll","audio/r13.wav",22,1,5.934343758
9,"L2","kontroll","audio/r10.wav",23,1,1.342538825
9,"L2","visuell","audio/r8.wav",24,1,3.114368638
10,"L1","visuospatial","audio/n22.wav",1,1,3.296820137
10,"L1","visuell","audio/n16.wav",2,1,2.094728478
10,"L1","kontroll","audio/n7.wav",3,1,3.113082229
10,"L1","visuospatial","audio/n24.wav",4,1,2.144194303
10,"L1","kontroll","audio/n17.wav",5,1,3.163177612
10,"L1","kontroll","audio/n18.wav",6,0,5.819391647
10,"L1","visuospatial","audio/n1.wav",7,0,6.370823711
10,"L1","kontroll","audio/n8.wav",8,1,2.17784712
10,"L1","kontroll","audio/n6.wav",9,0,7.088379368
10,"L1","visuospatial","audio/n4.wav",10,1,5.551811871
10,"L1","visuospatial","audio/n21.wav",11,1,3.38026257
10,"L1","visuell","audio/n10.wav",12,1,2.745751873
10,"L1","visuell","audio/n11.wav",13,1,3.916703022
10,"L1","visuell","audio/n12.wav",14,1,7.121651556
10,"L1","kontroll","audio/n20.wav",15,0,2.545377716
10,"L1","visuell","audio/n15.wav",16,1,4.532933464
10,"L1","visuell","audio/n14.wav",17,1,4.081992848
10,"L1","visuospatial","audio/n2.wav",18,1,2.378050663
10,"L1","kontroll","audio/n5.wav",19,1,4.766672226
10,"L1","visuell","audio/n9.wav",20,1,9.844042537
10,"L1","visuospatial","audio/n3.wav",21,1,3.113056012
10,"L1","kontroll","audio/n19.wav",22,0,2.56192607
10,"L1","visuell","audio/n13.wav",23,1,3.831190638
10,"L1","visuospatial","audio/n23.wav",24,0,2.345305664
10,"L2","kontroll","audio/r10.wav",1,1,2.862686279
10,"L2","visuell","audio/r5.wav",2,1,9.14434315
10,"L2","visuospatial","audio/r17.wav",3,1,2.610328299
10,"L2","kontroll","audio/r12.wav",4,1,2.578597965
10,"L2","visuospatial","audio/r21.wav",5,1,2.712108881
10,"L2","visuospatial","audio/r18.wav",6,1,6.904778407
10,"L2","visuell","audio/r1.wav",7,1,3.41374005
10,"L2","kontroll","audio/r9.wav",8,1,1.877265949
10,"L2","visuospatial","audio/r23.wav",9,1,1.626390339
10,"L2","kontroll","audio/r16.wav",10,1,1.609836784
10,"L2","visuell","audio/r2.wav",11,1,2.929245457
10,"L2","kontroll","audio/r15.wav",12,1,1.710105576
10,"L2","kontroll","audio/r14.wav",13,1,3.580616308
10,"L2","visuell","audio/r7.wav",14,1,2.746199711
10,"L2","kontroll","audio/r11.wav",15,1,1.543625401
10,"L2","visuell","audio/r4.wav",16,1,1.576288959
10,"L2","kontroll","audio/r13.wav",17,1,4.248805282
10,"L2","visuell","audio/r3.wav",18,1,1.424462689
10,"L2","visuospatial","audio/r20.wav",19,1,2.912655045
10,"L2","visuell","audio/r8.wav",20,0,1.611455968
10,"L2","visuospatial","audio/r24.wav",21,1,1.526769267
10,"L2","visuell","audio/r6.wav",22,1,3.213188574
10,"L2","visuospatial","audio/r19.wav",23,1,1.526119838
10,"L2","visuospatial","audio/r22.wav",24,1,4.549956016
11,"L1","visuospatial","audio/n24.wav",1,1,2.361264621
11,"L1","kontroll","audio/n6.wav",2,1,1.726697046
11,"L1","kontroll","audio/n20.wav",3,1,2.512262593
11,"L1","visuell","audio/n12.wav",4,1,4.449950379
11,"L1","visuospatial","audio/n4.wav",5,1,3.46376006
11,"L1","kontroll","audio/n19.wav",6,1,1.910333139
11,"L1","kontroll","audio/n7.wav",7,1,1.776756236
11,"L1","kontroll","audio/n5.wav",8,1,3.79791096
11,"L1","visuospatial","audio/n21.wav",9,1,2.010928088
11,"L1","visuospatial","audio/n2.wav",10,1,1.844707738
11,"L1","visuospatial","audio/n22.wav",11,1,1.659935865
11,"L1","visuell","audio/n11.wav",12,1,1.910518717
11,"L1","visuell","audio/n10.wav",13,1,1.394004375
11,"L1","visuospatial","audio/n1.wav",14,1,1.142166914
11,"L1","visuell","audio/n15.wav",15,1,1.609892938
11,"L1","visuell","audio/n16.wav",16,1,2.996093586
11,"L1","kontroll","audio/n18.wav",17,1,1.641492852
11,"L1","visuell","audio/n9.wav",18,1,1.677820319
11,"L1","visuell","audio/n14.wav",19,1,1.760259525
11,"L1","visuospatial","audio/n3.wav",20,1,2.461652996
11,"L1","kontroll","audio/n8.wav",21,1,1.576573096
11,"L1","visuell","audio/n13.wav",22,1,3.146468999
11,"L1","kontroll","audio/n17.wav",23,1,2.060536763
11,"L1","visuospatial","audio/n23.wav",24,1,2.294406199
11,"L2","visuell","audio/r3.wav",1,1,1.728273517
11,"L2","kontroll","audio/r13.wav",2,1,3.012779362
11,"L2","kontroll","audio/r11.wav",3,1,2.662525644
11,"L2","visuospatial","audio/r22.wav",4,1,2.328214851
11,"L2","visuospatial","audio/r19.wav",5,1,3.53052505
11,"L2","visuell","audio/r4.wav",6,1,2.361467698
11,"L2","visuell","audio/r1.wav",7,1,3.547694371
11,"L2","kontroll","audio/r15.wav",8,1,4.566181164
11,"L2","visuospatial","audio/r24.wav",9,1,2.4099354
11,"L2","visuell","audio/r6.wav",10,1,2.228052304
11,"L2","visuell","audio/r2.wav",11,1,2.04458736
11,"L2","visuell","audio/r7.wav",12,1,1.275789817
11,"L2","kontroll","audio/r14.wav",13,0,1.609762274
11,"L2","visuospatial","audio/r23.wav",14,1,1.543447127
11,"L2","visuospatial","audio/r18.wav",15,1,1.677094025
11,"L2","kontroll","audio/r10.wav",16,1,2.344719965
11,"L2","visuospatial","audio/r17.wav",17,1,1.643023594
11,"L2","visuell","audio/r8.wav",18,1,1.55984525
11,"L2","kontroll","audio/r12.wav",19,1,2.328006923
11,"L2","kontroll","audio/r16.wav",20,1,1.793591734
11,"L2","visuospatial","audio/r21.wav",21,1,1.626348734
11,"L2","kontroll","audio/r9.wav",22,1,3.146496431
11,"L2","visuell","audio/r5.wav",23,1,2.428202662
11,"L2","visuospatial","audio/r20.wav",24,1,1.443204551
12,"L1","visuell","audio/n16.wav",1,1,1.142070351
12,"L1","visuospatial","audio/n21.wav",2,1,1.458747918
12,"L1","visuospatial","audio/n22.wav",3,0,1.778944664
12,"L1","kontroll","audio/n8.wav",4,1,2.661988351
12,"L1","visuospatial","audio/n3.wav",5,1,1.99388986
12,"L1","visuospatial","audio/n23.wav",6,0,2.194370893
12,"L1","visuell","audio/n10.wav",7,1,1.659998898
12,"L1","visuell","audio/n14.wav",8,1,1.40946015
12,"L1","visuospatial","audio/n1.wav",9,1,1.342475973
12,"L1","kontroll","audio/n7.wav",10,0,1.978537563
12,"L1","kontroll","audio/n5.wav",11,1,1.492937653
12,"L1","kontroll","audio/n18.wav",12,0,1.476337314
12,"L1","visuell","audio/n12.wav",13,1,5.017125086
12,"L1","kontroll","audio/n19.wav",14,0,2.478303239
12,"L1","visuospatial","audio/n24.wav",15,1,1.375898636
12,"L1","visuospatial","audio/n4.wav",16,1,1.409313233
12,"L1","kontroll","audio/n6.wav",17,1,1.20892986
12,"L1","visuell","audio/n13.wav",18,1,1.843446788
12,"L1","visuospatial","audio/n2.wav",19,0,3.597431699
12,"L1","kontroll","audio/n17.wav",20,1,1.893735704
12,"L1","visuell","audio/n15.wav",21,1,1.960725092
12,"L1","kontroll","audio/n20.wav",22,1,1.994989909
12,"L1","visuell","audio/n9.wav",23,1,1.69318638
12,"L1","visuell","audio/n11.wav",24,0,1.760108835
12,"L2","kontroll","audio/r14.wav",1,1,1.359272428
12,"L2","visuospatial","audio/r20.wav",2,1,1.058598746
12,"L2","visuospatial","audio/r21.wav",3,1,1.073660668
12,"L2","visuospatial","audio/r23.wav",4,1,1.225783495
12,"L2","kontroll","audio/r9.wav",5,1,1.409365615
12,"L2","visuospatial","audio/r17.wav",6,1,1.27572376
12,"L2","visuell","audio/r2.wav",7,0,1.709960887
12,"L2","kontroll","audio/r16.wav",8,1,1.160434348
12,"L2","visuell","audio/r7.wav",9,1,1.008571628
12,"L2","visuospatial","audio/r24.wav",10,1,1.476142952
12,"L2","visuospatial","audio/r19.wav",11,1,1.392721807
12,"L2","kontroll","audio/r10.wav",12,1,1.359503202
12,"L2","visuell","audio/r6.wav",13,1,1.309163992
12,"L2","visuospatial","audio/r18.wav",14,1,1.309121198
12,"L2","visuell","audio/r1.wav",15,1,1.609812759
12,"L2","visuell","audio/r3.wav",16,1,1.042172674
12,"L2","kontroll","audio/r11.wav",17,1,1.207839865
12,"L2","kontroll","audio/r12.wav",18,1,1.309583353
12,"L2","kontroll","audio/r15.wav",19,1,1.225477235
12,"L2","visuospatial","audio/r22.wav",20,1,1.927148433
12,"L2","kontroll","audio/r13.wav",21,1,1.259087471
12,"L2","visuell","audio/r8.wav",22,1,1.008567345
12,"L2","visuell","audio/r4.wav",23,1,1.24245439
12,"L2","visuell","audio/r5.wav",24,1,1.359235943
13,"L1","visuell","audio/n13.wav",1,1,2.110947266
13,"L1","kontroll","audio/n19.wav",2,1,11.26409737
13,"L1","visuell","audio/n10.wav",3,1,2.278072174
13,"L1","visuell","audio/n16.wav",4,1,2.06072773
13,"L1","visuospatial","audio/n3.wav",5,1,2.428133155
13,"L1","visuospatial","audio/n22.wav",6,1,2.032144327
13,"L1","kontroll","audio/n17.wav",7,1,3.047730429
13,"L1","visuospatial","audio/n1.wav",8,1,2.12771965
13,"L1","visuospatial","audio/n23.wav",9,1,3.17989125
13,"L1","visuell","audio/n9.wav",10,1,7.790712558
13,"L1","visuell","audio/n12.wav",11,1,2.127455181
13,"L1","visuospatial","audio/n24.wav",12,1,2.49503315
13,"L1","visuospatial","audio/n21.wav",13,1,2.294718418
13,"L1","visuospatial","audio/n2.wav",14,1,1.827121757
13,"L1","visuospatial","audio/n4.wav",15,1,2.110818794
13,"L1","kontroll","audio/n20.wav",16,1,3.264890033
13,"L1","visuell","audio/n11.wav",17,1,2.812419165
13,"L1","kontroll","audio/n6.wav",18,1,4.115316116
13,"L1","kontroll","audio/n5.wav",19,1,1.910494261
13,"L1","kontroll","audio/n7.wav",20,1,2.86258513
13,"L1","kontroll","audio/n8.wav",21,1,2.662624355
13,"L1","visuell","audio/n14.wav",22,1,2.094516451
13,"L1","visuell","audio/n15.wav",23,1,1.610003893
13,"L1","kontroll","audio/n18.wav",24,1,4.633037568
13,"L2","kontroll","audio/r11.wav",1,1,1.257368385
13,"L2","visuell","audio/r1.wav",2,1,2.779579569
13,"L2","visuell","audio/r2.wav",3,1,1.593155561
13,"L2","visuospatial","audio/r17.wav",4,1,2.344829563
13,"L2","kontroll","audio/r12.wav",5,1,1.559732047
13,"L2","kontroll","audio/r14.wav",6,1,1.993925778
13,"L2","visuell","audio/r5.wav",7,1,1.726745381
13,"L2","visuospatial","audio/r23.wav",8,1,2.12815582
13,"L2","kontroll","audio/r9.wav",9,1,1.893949855
13,"L2","kontroll","audio/r15.wav",10,1,1.827462874
13,"L2","kontroll","audio/r10.wav",11,1,2.729032765
13,"L2","kontroll","audio/r16.wav",12,1,1.743702325
13,"L2","kontroll","audio/r13.wav",13,1,1.476154548
13,"L2","visuospatial","audio/r20.wav",14,1,12.04755189
13,"L2","visuospatial","audio/r19.wav",15,1,1.977187814
13,"L2","visuospatial","audio/r24.wav",16,1,2.194441087
13,"L2","visuospatial","audio/r18.wav",17,1,2.044076822
13,"L2","visuospatial","audio/r22.wav",18,1,2.060743579
13,"L2","visuell","audio/r6.wav",19,1,5.918945172
13,"L2","visuell","audio/r7.wav",20,1,2.678879086
13,"L2","visuospatial","audio/r21.wav",21,1,2.160902012
13,"L2","visuell","audio/r4.wav",22,1,2.161102064
13,"L2","visuell","audio/r8.wav",23,1,1.810288765
13,"L2","visuell","audio/r3.wav",24,1,2.662440819
14,"L1","visuospatial","audio/n22.wav",1,0,2.344725285
14,"L1","visuell","audio/n16.wav",2,1,6.102747656
14,"L1","kontroll","audio/n18.wav",3,1,6.419946332
14,"L1","kontroll","audio/n20.wav",4,0,4.282382656
14,"L1","kontroll","audio/n5.wav",5,1,10.89646203
14,"L1","visuell","audio/n10.wav",6,1,4.29904534
14,"L1","visuospatial","audio/n1.wav",7,0,3.463913279
14,"L1","kontroll","audio/n8.wav",8,1,3.68091637
14,"L1","visuospatial","audio/n2.wav",9,0,3.313675855
14,"L1","visuell","audio/n13.wav",10,1,2.812216942
14,"L1","kontroll","audio/n19.wav",11,1,2.561896076
14,"L1","visuospatial","audio/n23.wav",12,1,11.31419147
14,"L1","visuell","audio/n12.wav",13,0,4.566564454
14,"L1","visuospatial","audio/n4.wav",14,0,4.382275539
14,"L1","visuospatial","audio/n3.wav",15,1,4.784052791
14,"L1","visuospatial","audio/n24.wav",16,0,6.754269198
14,"L1","kontroll","audio/n6.wav",17,0,5.217675421
14,"L1","visuell","audio/n14.wav",18,1,5.451393114
14,"L1","visuell","audio/n9.wav",19,1,2.662159509
14,"L1","kontroll","audio/n17.wav",20,1,6.570349673
14,"L1","visuell","audio/n11.wav",21,0,8.041519482
14,"L1","visuospatial","audio/n21.wav",22,0,8.324175812
14,"L1","kontroll","audio/n7.wav",23,0,3.981447715
14,"L1","visuell","audio/n15.wav",24,1,8.591635519
14,"L2","visuospatial","audio/r17.wav",1,1,4.683147486
14,"L2","visuell","audio/r2.wav",2,1,2.062959225
14,"L2","kontroll","audio/r9.wav",3,1,7.438180836
14,"L2","visuell","audio/r1.wav",4,0,5.351181742
14,"L2","kontroll","audio/r11.wav",5,1,1.69325123
14,"L2","visuospatial","audio/r18.wav",6,1,4.850617238
14,"L2","visuospatial","audio/r24.wav",7,1,6.553885502
14,"L2","visuell","audio/r6.wav",8,1,2.678718804
14,"L2","visuell","audio/r4.wav",9,1,2.762100529
14,"L2","kontroll","audio/r15.wav",10,1,3.129778329
14,"L2","kontroll","audio/r16.wav",11,1,3.079971586
14,"L2","visuell","audio/r7.wav",12,1,1.927245232
14,"L2","visuospatial","audio/r23.wav",13,1,4.983883486
14,"L2","visuell","audio/r8.wav",14,1,3.146615979
14,"L2","kontroll","audio/r14.wav",15,1,5.084890196
14,"L2","kontroll","audio/r13.wav",16,1,5.985890519
14,"L2","visuell","audio/r5.wav",17,0,4.850312017
14,"L2","kontroll","audio/r12.wav",18,1,4.183302814
14,"L2","visuospatial","audio/r22.wav",19,1,5.518325861
14,"L2","visuospatial","audio/r21.wav",20,0,7.505876421
14,"L2","kontroll","audio/r10.wav",21,1,1.82711165
14,"L2","visuospatial","audio/r19.wav",22,1,3.563965625
14,"L2","visuospatial","audio/r20.wav",23,1,3.831233141
14,"L2","visuell","audio/r3.wav",24,1,2.561819332
15,"L1","visuell","audio/n11.wav",1,1,1.943856067
15,"L1","visuospatial","audio/n1.wav",2,1,1.359309099
15,"L1","kontroll","audio/n17.wav",3,1,10.88034023
15,"L1","visuell","audio/n15.wav",4,1,2.361607006
15,"L1","kontroll","audio/n19.wav",5,1,1.811456332
15,"L1","kontroll","audio/n6.wav",6,1,1.208963428
15,"L1","visuospatial","audio/n3.wav",7,1,1.760129478
15,"L1","visuell","audio/n9.wav",8,1,2.011008307
15,"L1","visuell","audio/n12.wav",9,1,3.86474471
15,"L1","visuospatial","audio/n2.wav",10,1,1.37601026
15,"L1","visuospatial","audio/n23.wav",11,1,0.924923299
15,"L1","visuell","audio/n16.wav",12,0,9.54361505
15,"L1","kontroll","audio/n18.wav",13,1,1.743489912
15,"L1","visuell","audio/n14.wav",14,1,5.100716312
15,"L1","kontroll","audio/n8.wav",15,1,0.891524078
15,"L1","visuospatial","audio/n24.wav",16,1,3.831172252
15,"L1","visuell","audio/n10.wav",17,1,1.627864147
15,"L1","visuospatial","audio/n4.wav",18,1,0.808104537
15,"L1","visuell","audio/n13.wav",19,1,0.908613857
15,"L1","visuospatial","audio/n21.wav",20,1,1.675024295
15,"L1","kontroll","audio/n5.wav",21,1,1.97744035
15,"L1","visuospatial","audio/n22.wav",22,1,1.777724781
15,"L1","kontroll","audio/n7.wav",23,1,1.259305531
15,"L1","kontroll","audio/n20.wav",24,1,6.437069617
15,"L2","visuospatial","audio/r17.wav",1,1,1.593063993
15,"L2","visuospatial","audio/r19.wav",2,1,1.376997295
15,"L2","visuell","audio/r1.wav",3,1,3.630996254
15,"L2","visuell","audio/r3.wav",4,1,0.991936345
15,"L2","kontroll","audio/r12.wav",5,1,5.618461014
15,"L2","kontroll","audio/r15.wav",6,1,13.01786664
15,"L2","visuell","audio/r6.wav",7,0,6.52049158
15,"L2","kontroll","audio/r13.wav",8,1,1.058468169
15,"L2","kontroll","audio/r16.wav",9,1,7.539334516
15,"L2","visuell","audio/r4.wav",10,1,1.860288804
15,"L2","visuell","audio/r5.wav",11,1,5.234262798
15,"L2","visuell","audio/r7.wav",12,1,8.073853988
15,"L2","visuospatial","audio/r21.wav",13,1,0.524219479
15,"L2","kontroll","audio/r11.wav",14,0,8.123769637
15,"L2","visuospatial","audio/r23.wav",15,1,1.37587511
15,"L2","visuospatial","audio/r22.wav",16,0,5.134595872
15,"L2","kontroll","audio/r10.wav",17,0,2.979276908
15,"L2","kontroll","audio/r9.wav",18,1,3.898086124
15,"L2","visuospatial","audio/r20.wav",19,1,3.81459207
15,"L2","visuell","audio/r8.wav",20,1,1.176875638
15,"L2","visuell","audio/r2.wav",21,1,5.651908106
15,"L2","kontroll","audio/r14.wav",22,1,3.246652769
15,"L2","visuospatial","audio/r24.wav",23,1,1.775161576
15,"L2","visuospatial","audio/r18.wav",24,0,20.19985553
16,"L1","visuospatial","audio/n21.wav",1,1,3.581086839
16,"L1","visuell","audio/n16.wav",2,1,2.212992671
16,"L1","visuell","audio/n11.wav",3,1,2.060726694
16,"L1","visuell","audio/n12.wav",4,1,2.14414996
16,"L1","kontroll","audio/n6.wav",5,1,1.526236698
16,"L1","kontroll","audio/n5.wav",6,1,1.593076022
16,"L1","visuospatial","audio/n24.wav",7,1,1.593244735
16,"L1","visuell","audio/n13.wav",8,1,1.626495681
16,"L1","visuell","audio/n15.wav",9,1,1.476345184
16,"L1","visuospatial","audio/n1.wav",10,1,1.424676924
16,"L1","visuospatial","audio/n22.wav",11,1,1.71032519
16,"L1","kontroll","audio/n8.wav",12,1,1.776718852
16,"L1","kontroll","audio/n7.wav",13,1,1.426188129
16,"L1","kontroll","audio/n17.wav",14,1,1.576373644
16,"L1","visuell","audio/n9.wav",15,1,1.509507936
16,"L1","visuospatial","audio/n4.wav",16,1,1.025176282
16,"L1","visuospatial","audio/n23.wav",17,1,1.342499442
16,"L1","kontroll","audio/n18.wav",18,1,1.325856026
16,"L1","visuospatial","audio/n3.wav",19,1,1.325997974
16,"L1","kontroll","audio/n19.wav",20,1,2.027414039
16,"L1","visuospatial","audio/n2.wav",21,1,1.176220749
16,"L1","visuell","audio/n10.wav",22,1,1.40973407
16,"L1","kontroll","audio/n20.wav",23,1,1.409829638
16,"L1","visuell","audio/n14.wav",24,1,1.576471675
16,"L2","visuospatial","audio/r23.wav",1,1,1.426435768
16,"L2","kontroll","audio/r16.wav",2,0,5.065793159
16,"L2","visuospatial","audio/r20.wav",3,1,1.075301986
16,"L2","kontroll","audio/r14.wav",4,1,1.208975643
16,"L2","visuell","audio/r5.wav",5,1,1.393554024
16,"L2","kontroll","audio/r10.wav",6,1,1.142642438
16,"L2","visuospatial","audio/r22.wav",7,1,0.991782354
16,"L2","visuospatial","audio/r19.wav",8,1,1.30920204
16,"L2","kontroll","audio/r15.wav",9,1,0.941923483
16,"L2","visuell","audio/r7.wav",10,1,0.741410705
16,"L2","kontroll","audio/r12.wav",11,1,1.09208391
16,"L2","visuospatial","audio/r21.wav",12,1,1.126543326
16,"L2","visuell","audio/r1.wav",13,1,1.392804145
16,"L2","visuell","audio/r2.wav",14,1,1.075625275
16,"L2","kontroll","audio/r11.wav",15,1,0.925320773
16,"L2","visuell","audio/r3.wav",16,1,0.691084596
16,"L2","visuell","audio/r4.wav",17,1,1.259029987
16,"L2","kontroll","audio/r9.wav",18,1,1.275709079
16,"L2","kontroll","audio/r13.wav",19,1,1.210684018
16,"L2","visuell","audio/r8.wav",20,1,0.908279627
16,"L2","visuell","audio/r6.wav",21,1,0.84263142
16,"L2","visuospatial","audio/r18.wav",22,1,0.758489596
16,"L2","visuospatial","audio/r17.wav",23,1,0.84005622
16,"L2","visuospatial","audio/r24.wav",24,1,1.158981722
17,"L1","kontroll","audio/n17.wav",1,1,1.591236219
17,"L1","visuell","audio/n15.wav",2,0,5.134151038
17,"L1","visuell","audio/n13.wav",3,1,1.142026323
17,"L1","visuell","audio/n12.wav",4,1,0.658952424
17,"L1","visuell","audio/n10.wav",5,1,4.082257781
17,"L1","visuell","audio/n9.wav",6,1,3.229907727
17,"L1","visuospatial","audio/n2.wav",7,1,2.845841517
17,"L1","kontroll","audio/n19.wav",8,0,4.415909724
17,"L1","kontroll","audio/n7.wav",9,0,2.41169697
17,"L1","visuospatial","audio/n21.wav",10,0,1.609764878
17,"L1","kontroll","audio/n5.wav",11,1,1.459522069
17,"L1","visuell","audio/n16.wav",12,1,2.91263611
17,"L1","visuospatial","audio/n3.wav",13,0,3.929770571
17,"L1","kontroll","audio/n18.wav",14,0,2.629208736
17,"L1","visuospatial","audio/n24.wav",15,1,1.492967542
17,"L1","visuospatial","audio/n22.wav",16,1,2.278135306
17,"L1","visuell","audio/n11.wav",17,1,1.827211095
17,"L1","visuell","audio/n14.wav",18,1,4.901501424
17,"L1","visuospatial","audio/n4.wav",19,1,1.760031335
17,"L1","visuospatial","audio/n23.wav",20,1,4.866846107
17,"L1","kontroll","audio/n8.wav",21,1,1.408233665
17,"L1","visuospatial","audio/n1.wav",22,1,3.831158836
17,"L1","kontroll","audio/n20.wav",23,1,1.526268043
17,"L1","kontroll","audio/n6.wav",24,1,1.008364727
17,"L2","kontroll","audio/r16.wav",1,1,1.893908172
17,"L2","kontroll","audio/r14.wav",2,0,3.680954137
17,"L2","visuell","audio/r8.wav",3,0,1.793512386
17,"L2","kontroll","audio/r11.wav",4,1,3.948072305
17,"L2","kontroll","audio/r12.wav",5,1,2.695548764
17,"L2","visuospatial","audio/r17.wav",6,0,1.459409723
17,"L2","visuospatial","audio/r19.wav",7,1,3.029404516
17,"L2","visuell","audio/r7.wav",8,1,3.914819837
17,"L2","visuell","audio/r4.wav",9,1,3.313466641
17,"L2","kontroll","audio/r9.wav",10,0,2.678902533
17,"L2","kontroll","audio/r13.wav",11,1,0.173450474
17,"L2","visuell","audio/r3.wav",12,1,1.576357495
17,"L2","visuell","audio/r5.wav",13,1,3.231900107
17,"L2","visuospatial","audio/r22.wav",14,1,2.027706263
17,"L2","visuospatial","audio/r23.wav",15,1,1.676625349
17,"L2","visuell","audio/r1.wav",16,1,3.480965719
17,"L2","visuospatial","audio/r18.wav",17,1,3.614363296
17,"L2","kontroll","audio/r15.wav",18,1,3.848437853
17,"L2","visuospatial","audio/r21.wav",19,1,1.15721967
17,"L2","visuell","audio/r2.wav",20,0,2.444890703
17,"L2","visuospatial","audio/r24.wav",21,0,3.998218839
17,"L2","visuospatial","audio/r20.wav",22,1,1.510192224
17,"L2","kontroll","audio/r10.wav",23,1,0.824828672
17,"L2","visuell","audio/r6.wav",24,1,2.127630773
18,"L1","kontroll","audio/n18.wav",1,1,8.358311195
18,"L1","visuell","audio/n12.wav",2,1,12.38295429
18,"L1","visuospatial","audio/n24.wav",3,1,1.776735509
18,"L1","kontroll","audio/n8.wav",4,1,4.499288017
18,"L1","kontroll","audio/n6.wav",5,1,7.338631464
18,"L1","visuell","audio/n10.wav",6,0,6.153634356
18,"L1","visuospatial","audio/n21.wav",7,1,3.848079342
18,"L1","visuell","audio/n9.wav",8,1,3.714207541
18,"L1","kontroll","audio/n5.wav",9,1,1.659953288
18,"L1","visuell","audio/n15.wav",10,1,1.359273174
18,"L1","visuospatial","audio/n4.wav",11,1,1.927142003
18,"L1","visuospatial","audio/n3.wav",12,1,3.163019484
18,"L1","visuospatial","audio/n23.wav",13,1,1.192245326
18,"L1","kontroll","audio/n17.wav",14,1,1.225717029
18,"L1","visuospatial","audio/n1.wav",15,1,1.008480174
18,"L1","visuell","audio/n11.wav",16,1,1.610118751
18,"L1","kontroll","audio/n7.wav",17,0,1.325780958
18,"L1","kontroll","audio/n19.wav",18,1,1.242278737
18,"L1","visuell","audio/n13.wav",19,1,2.629118663
18,"L1","visuell","audio/n14.wav",20,1,1.91059761
18,"L1","kontroll","audio/n20.wav",21,1,2.176010283
18,"L1","visuospatial","audio/n22.wav",22,1,2.929344324
18,"L1","visuell","audio/n16.wav",23,0,2.259515611
18,"L1","visuospatial","audio/n2.wav",24,1,5.266143991
18,"L2","kontroll","audio/r11.wav",1,1,1.760094097
18,"L2","visuell","audio/r1.wav",2,1,1.810281099
18,"L2","kontroll","audio/r12.wav",3,1,1.559865838
18,"L2","kontroll","audio/r9.wav",4,1,1.527916924
18,"L2","kontroll","audio/r14.wav",5,1,1.190439194
18,"L2","visuell","audio/r2.wav",6,1,1.309223963
18,"L2","visuell","audio/r6.wav",7,1,0.975202603
18,"L2","visuospatial","audio/r20.wav",8,1,0.941558334
18,"L2","visuell","audio/r7.wav",9,1,1.50971937
18,"L2","visuell","audio/r4.wav",10,1,0.457450076
18,"L2","visuospatial","audio/r17.wav",11,1,2.578546709
18,"L2","visuospatial","audio/r18.wav",12,1,2.612070506
18,"L2","kontroll","audio/r10.wav",13,1,2.879250878
18,"L2","kontroll","audio/r16.wav",14,1,1.041962579
18,"L2","visuospatial","audio/r21.wav",15,1,0.774739219
18,"L2","visuell","audio/r3.wav",16,1,0.875083255
18,"L2","visuospatial","audio/r22.wav",17,1,0.958485937
18,"L2","kontroll","audio/r13.wav",18,1,0.590874323
18,"L2","visuospatial","audio/r23.wav",19,1,1.125406544
18,"L2","visuell","audio/r8.wav",20,1,0.608884134
18,"L2","visuospatial","audio/r24.wav",21,1,0.858310176
18,"L2","kontroll","audio/r15.wav",22,1,0.824842204
18,"L2","visuell","audio/r5.wav",23,1,1.559670115
18,"L2","visuospatial","audio/r19.wav",24,1,0.641118029
19,"L1","visuospatial","audio/n1.wav",1,1,1.37619979
19,"L1","visuospatial","audio/n24.wav",2,1,1.309795601
19,"L1","visuell","audio/n15.wav",3,1,0.55840075
19,"L1","kontroll","audio/n6.wav",4,1,1.594404017
19,"L1","kontroll","audio/n17.wav",5,1,1.260493118
19,"L1","visuell","audio/n11.wav",6,1,1.094360864
19,"L1","visuospatial","audio/n22.wav",7,1,1.510487569
19,"L1","visuell","audio/n9.wav",8,1,1.794912596
19,"L1","kontroll","audio/n20.wav",9,1,1.427600601
19,"L1","kontroll","audio/n5.wav",10,1,0.89315351
19,"L1","kontroll","audio/n19.wav",11,1,0.892471368
19,"L1","visuospatial","audio/n23.wav",12,1,1.578820001
19,"L1","visuospatial","audio/n21.wav",13,1,1.594103105
19,"L1","visuell","audio/n10.wav",14,0,4.216122536
19,"L1","visuell","audio/n14.wav",15,1,1.697874122
19,"L1","visuospatial","audio/n4.wav",16,1,1.161017554
19,"L1","kontroll","audio/n7.wav",17,1,1.543667492
19,"L1","visuell","audio/n13.wav",18,1,1.309260818
19,"L1","kontroll","audio/n18.wav",19,1,1.462432625
19,"L1","kontroll","audio/n8.wav",20,1,1.360009839
19,"L1","visuospatial","audio/n3.wav",21,1,1.578857495
19,"L1","visuell","audio/n16.wav",22,1,1.09334187
19,"L1","visuell","audio/n12.wav",23,1,1.276433392
19,"L1","visuospatial","audio/n2.wav",24,1,0.925838304
19,"L2","visuell","audio/r5.wav",1,0,1.194950219
19,"L2","visuospatial","audio/r20.wav",2,0,1.309605266
19,"L2","kontroll","audio/r14.wav",3,0,1.844841187
19,"L2","visuospatial","audio/r23.wav",4,0,1.494815689
19,"L2","visuell","audio/r8.wav",5,0,1.32701214
19,"L2","kontroll","audio/r16.wav",6,0,3.464958177
19,"L2","kontroll","audio/r9.wav",7,0,2.042685843
19,"L2","kontroll","audio/r11.wav",8,0,1.878171695
19,"L2","kontroll","audio/r15.wav",9,1,2.69782252
19,"L2","visuospatial","audio/r18.wav",10,1,1.344177126
19,"L2","visuospatial","audio/r24.wav",11,1,1.811044723
19,"L2","visuell","audio/r4.wav",12,1,1.443541018
19,"L2","visuell","audio/r7.wav",13,0,1.143047757
19,"L2","kontroll","audio/r10.wav",14,1,1.224258188
19,"L2","visuospatial","audio/r17.wav",15,1,1.660823353
19,"L2","visuell","audio/r2.wav",16,1,1.228530359
19,"L2","visuospatial","audio/r19.wav",17,1,1.142227009
19,"L2","visuospatial","audio/r21.wav",18,1,0.892609082
19,"L2","kontroll","audio/r13.wav",19,1,0.626034459
19,"L2","visuospatial","audio/r22.wav",20,1,1.39363506
19,"L2","visuell","audio/r3.wav",21,1,0.709227283
19,"L2","kontroll","audio/r12.wav",22,1,1.060732443
19,"L2","visuell","audio/r6.wav",23,1,0.993656064
19,"L2","visuell","audio/r1.wav",24,1,1.240964728
20,"L1","kontroll","audio/n20.wav",1,1,4.281525287
20,"L1","kontroll","audio/n8.wav",2,1,0.642030129
20,"L1","visuospatial","audio/n4.wav",3,1,0.893515755
20,"L1","visuospatial","audio/n1.wav",4,1,1.228401258
20,"L1","visuospatial","audio/n22.wav",5,1,1.210257925
20,"L1","kontroll","audio/n19.wav",6,0,3.297628682
20,"L1","kontroll","audio/n7.wav",7,1,4.134040728
20,"L1","visuospatial","audio/n23.wav",8,1,4.865749623
20,"L1","kontroll","audio/n5.wav",9,0,6.705122166
20,"L1","visuospatial","audio/n2.wav",10,1,1.395016965
20,"L1","visuospatial","audio/n24.wav",11,1,1.393551762
20,"L1","kontroll","audio/n17.wav",12,1,0.991889224
20,"L1","visuell","audio/n14.wav",13,0,3.998985343
20,"L1","visuell","audio/n12.wav",14,0,3.983622239
20,"L1","visuell","audio/n10.wav",15,0,2.111680121
20,"L1","visuell","audio/n13.wav",16,1,1.140625382
20,"L1","visuell","audio/n16.wav",17,1,1.461352702
20,"L1","visuell","audio/n11.wav",18,0,2.89792662
20,"L1","kontroll","audio/n18.wav",19,1,0.725336876
20,"L1","visuospatial","audio/n3.wav",20,1,3.817550377
20,"L1","kontroll","audio/n6.wav",21,1,0.559370027
20,"L1","visuell","audio/n9.wav",22,1,2.99850062
20,"L1","visuospatial","audio/n21.wav",23,1,0.927396214
20,"L1","visuell","audio/n15.wav",24,1,0.39165917
20,"L2","visuospatial","audio/r18.wav",1,1,1.89465856
20,"L2","visuell","audio/r8.wav",2,1,1.194748244
20,"L2","visuospatial","audio/r20.wav",3,1,1.075948785
20,"L2","visuospatial","audio/r23.wav",4,1,1.828202101
20,"L2","visuospatial","audio/r19.wav",5,1,0.642191021
20,"L2","visuospatial","audio/r21.wav",6,1,1.508069426
20,"L2","visuell","audio/r3.wav",7,1,3.781768338
20,"L2","kontroll","audio/r9.wav",8,1,1.394742648
20,"L2","kontroll","audio/r11.wav",9,1,0.792420786
20,"L2","kontroll","audio/r14.wav",10,1,0.342497413
20,"L2","kontroll","audio/r16.wav",11,1,1.678345379
20,"L2","kontroll","audio/r13.wav",12,1,1.194196016
20,"L2","kontroll","audio/r10.wav",13,0,-0.091985369
20,"L2","visuell","audio/r7.wav",14,1,3.145270632
20,"L2","kontroll","audio/r12.wav",15,1,0.441309159
20,"L2","visuell","audio/r2.wav",16,1,0.740070958
20,"L2","visuell","audio/r6.wav",17,1,2.546814354
20,"L2","kontroll","audio/r15.wav",18,1,0.825448044
20,"L2","visuell","audio/r1.wav",19,1,0.575864941
20,"L2","visuell","audio/r5.wav",20,0,3.164057538
20,"L2","visuospatial","audio/r24.wav",21,1,2.783030465
20,"L2","visuospatial","audio/r22.wav",22,1,1.87771244
20,"L2","visuell","audio/r4.wav",23,1,0.726272267
20,"L2","visuospatial","audio/r17.wav",24,1,2.378891769
21,"L1","kontroll","audio/n8.wav",1,1,1.945017347
21,"L1","kontroll","audio/n6.wav",2,1,3.366282578
21,"L1","visuospatial","audio/n3.wav",3,1,1.943961125
21,"L1","kontroll","audio/n7.wav",4,1,2.981451981
21,"L1","kontroll","audio/n18.wav",5,1,0.860661835
21,"L1","visuospatial","audio/n4.wav",6,1,2.309953808
21,"L1","visuell","audio/n14.wav",7,1,1.060700529
21,"L1","visuospatial","audio/n23.wav",8,1,3.683635551
21,"L1","visuell","audio/n13.wav",9,1,2.12842746
21,"L1","visuell","audio/n9.wav",10,1,3.215804482
21,"L1","visuospatial","audio/n1.wav",11,1,0.893447202
21,"L1","visuell","audio/n12.wav",12,1,1.561059139
21,"L1","visuell","audio/n10.wav",13,1,5.920623255
21,"L1","visuell","audio/n11.wav",14,1,4.013095888
21,"L1","visuell","audio/n15.wav",15,1,2.028838872
21,"L1","visuospatial","audio/n2.wav",16,1,3.631824576
21,"L1","visuospatial","audio/n22.wav",17,1,3.031198894
21,"L1","kontroll","audio/n19.wav",18,1,2.362811553
21,"L1","kontroll","audio/n20.wav",19,1,3.698279931
21,"L1","kontroll","audio/n5.wav",20,1,1.076172629
21,"L1","visuell","audio/n16.wav",21,1,1.995521683
21,"L1","kontroll","audio/n17.wav",22,1,1.860561304
21,"L1","visuospatial","audio/n24.wav",23,1,1.47798011
21,"L1","visuospatial","audio/n21.wav",24,1,5.653134673
21,"L2","visuell","audio/r6.wav",1,1,8.893176607
21,"L2","visuell","audio/r4.wav",2,1,1.426899414
21,"L2","visuospatial","audio/r22.wav",3,1,5.268435861
21,"L2","visuell","audio/r2.wav",4,1,2.99687837
21,"L2","visuospatial","audio/r24.wav",5,1,7.089507188
21,"L2","visuospatial","audio/r18.wav",6,1,2.663210774
21,"L2","visuospatial","audio/r17.wav",7,0,8.5094255
21,"L2","kontroll","audio/r16.wav",8,1,1.210436269
21,"L2","kontroll","audio/r14.wav",9,0,2.678801437
21,"L2","kontroll","audio/r9.wav",10,1,2.328316357
21,"L2","visuell","audio/r7.wav",11,0,1.042332474
21,"L2","visuospatial","audio/r19.wav",12,1,2.180425231
21,"L2","kontroll","audio/r10.wav",13,0,2.529141179
21,"L2","visuospatial","audio/r21.wav",14,1,3.013580896
21,"L2","kontroll","audio/r11.wav",15,1,3.08080021
21,"L2","kontroll","audio/r15.wav",16,1,0.758984192
21,"L2","visuospatial","audio/r20.wav",17,0,6.340415093
21,"L2","visuell","audio/r3.wav",18,1,4.550163993
21,"L2","kontroll","audio/r12.wav",19,1,0.910911332
21,"L2","kontroll","audio/r13.wav",20,1,2.045906623
21,"L2","visuospatial","audio/r23.wav",21,1,1.311187635
21,"L2","visuell","audio/r5.wav",22,1,0.959488097
21,"L2","visuell","audio/r1.wav",23,1,0.942205693
21,"L2","visuell","audio/r8.wav",24,1,0.72618007
22,"L1","kontroll","audio/n8.wav",1,1,2.613440605
22,"L1","visuell","audio/n16.wav",2,0,1.410257591
22,"L1","kontroll","audio/n20.wav",3,1,3.298121515
22,"L1","visuospatial","audio/n1.wav",4,1,2.580092051
22,"L1","visuospatial","audio/n24.wav",5,1,6.321488495
22,"L1","kontroll","audio/n19.wav",6,0,6.638786848
22,"L1","visuell","audio/n15.wav",7,1,8.376704185
22,"L1","visuospatial","audio/n4.wav",8,1,7.122524098
22,"L1","visuell","audio/n10.wav",9,1,9.777526603
22,"L1","visuell","audio/n11.wav",10,0,9.828833921
22,"L1","visuospatial","audio/n3.wav",11,1,1.226994094
22,"L1","kontroll","audio/n17.wav",12,1,1.677816457
22,"L1","visuell","audio/n9.wav",13,1,8.95763605
22,"L1","visuospatial","audio/n2.wav",14,0,4.851838499
22,"L1","kontroll","audio/n5.wav",15,0,9.010723087
22,"L1","kontroll","audio/n7.wav",16,1,9.077403268
22,"L1","visuospatial","audio/n21.wav",17,1,8.209756384
22,"L1","kontroll","audio/n6.wav",18,0,2.362481344
22,"L1","visuell","audio/n13.wav",19,0,5.386530241
22,"L1","visuell","audio/n14.wav",20,0,4.166416393
22,"L1","visuospatial","audio/n23.wav",21,1,3.632724454
22,"L1","kontroll","audio/n18.wav",22,1,4.131991039
22,"L1","visuospatial","audio/n22.wav",23,0,5.385430033
22,"L1","visuell","audio/n12.wav",24,0,7.991565156
22,"L2","visuospatial","audio/r19.wav",1,1,1.828164707
22,"L2","visuospatial","audio/r17.wav",2,0,0.592986184
22,"L2","visuospatial","audio/r23.wav",3,0,1.257919756
22,"L2","visuospatial","audio/r18.wav",4,1,1.727046882
22,"L2","kontroll","audio/r11.wav",5,1,4.399889724
22,"L2","kontroll","audio/r12.wav",6,1,1.794320645
22,"L2","visuell","audio/r7.wav",7,1,3.097700426
22,"L2","kontroll","audio/r16.wav",8,0,3.699109734
22,"L2","kontroll","audio/r15.wav",9,1,1.644881168
22,"L2","visuell","audio/r2.wav",10,1,3.16100123
22,"L2","kontroll","audio/r14.wav",11,1,8.609334095
22,"L2","visuospatial","audio/r22.wav",12,1,5.569934829
22,"L2","visuell","audio/r8.wav",13,0,8.040751272
22,"L2","visuell","audio/r3.wav",14,1,4.366232874
22,"L2","visuospatial","audio/r24.wav",15,1,2.128668827
22,"L2","kontroll","audio/r9.wav",16,1,2.579691236
22,"L2","visuell","audio/r1.wav",17,1,5.602450402
22,"L2","kontroll","audio/r13.wav",18,1,7.741003084
22,"L2","visuell","audio/r6.wav",19,1,2.263735908
22,"L2","visuospatial","audio/r21.wav",20,1,1.493080869
22,"L2","kontroll","audio/r10.wav",21,0,3.030154358
22,"L2","visuospatial","audio/r20.wav",22,1,1.660539161
22,"L2","visuell","audio/r5.wav",23,1,5.903211759
22,"L2","visuell","audio/r4.wav",24,1,7.873919354
23,"L1","kontroll","audio/n20.wav",1,0,1.828718317
23,"L1","visuospatial","audio/n4.wav",2,1,1.694474105
23,"L1","visuell","audio/n9.wav",3,1,1.461447055
23,"L1","kontroll","audio/n18.wav",4,1,0.659502316
23,"L1","visuospatial","audio/n22.wav",5,1,2.713172398
23,"L1","visuell","audio/n12.wav",6,0,1.52632415
23,"L1","visuospatial","audio/n21.wav",7,0,1.610581457
23,"L1","visuospatial","audio/n24.wav",8,0,1.895753437
23,"L1","visuospatial","audio/n3.wav",9,0,2.630290026
23,"L1","visuell","audio/n16.wav",10,1,2.061254292
23,"L1","visuell","audio/n14.wav",11,0,1.394139526
23,"L1","kontroll","audio/n19.wav",12,1,1.745486052
23,"L1","visuospatial","audio/n2.wav",13,0,2.731579229
23,"L1","visuospatial","audio/n23.wav",14,0,1.562249373
23,"L1","kontroll","audio/n8.wav",15,1,8.324619162
23,"L1","kontroll","audio/n7.wav",16,0,3.816230905
23,"L1","visuospatial","audio/n1.wav",17,0,1.577560583
23,"L1","visuell","audio/n11.wav",18,1,7.156343962
23,"L1","visuell","audio/n10.wav",19,1,0.925689567
23,"L1","kontroll","audio/n17.wav",20,1,4.817471569
23,"L1","kontroll","audio/n5.wav",21,0,2.49574202
23,"L1","visuell","audio/n13.wav",22,1,1.54352201
23,"L1","visuell","audio/n15.wav",23,0,1.476880159
23,"L1","kontroll","audio/n6.wav",24,1,1.510481943
23,"L2","kontroll","audio/r14.wav",1,0,5.568730054
23,"L2","visuell","audio/r3.wav",2,1,1.426451463
23,"L2","visuospatial","audio/r19.wav",3,0,2.646489398
23,"L2","visuospatial","audio/r23.wav",4,1,3.816184462
23,"L2","kontroll","audio/r11.wav",5,1,3.914946206
23,"L2","visuell","audio/r8.wav",6,1,4.082919223
23,"L2","visuospatial","audio/r22.wav",7,1,2.730712564
23,"L2","visuell","audio/r7.wav",8,0,3.733513673
23,"L2","visuospatial","audio/r18.wav",9,0,3.866492135
23,"L2","visuospatial","audio/r17.wav",10,0,5.401364744
23,"L2","kontroll","audio/r15.wav",11,0,1.227184035
23,"L2","visuell","audio/r2.wav",12,1,2.027632884
23,"L2","kontroll","audio/r13.wav",13,1,1.076523829
23,"L2","visuospatial","audio/r21.wav",14,1,6.437931984
23,"L2","kontroll","audio/r12.wav",15,1,3.397724993
23,"L2","visuell","audio/r4.wav",16,0,4.802042123
23,"L2","visuospatial","audio/r24.wav",17,1,1.546071481
23,"L2","kontroll","audio/r10.wav",18,1,1.261255853
23,"L2","visuospatial","audio/r20.wav",19,0,0.624607352
23,"L2","kontroll","audio/r16.wav",20,1,0.791587397
23,"L2","visuell","audio/r5.wav",21,1,1.19371074
23,"L2","visuell","audio/r6.wav",22,1,1.507925342
23,"L2","visuell","audio/r1.wav",23,0,1.428231047
23,"L2","kontroll","audio/r9.wav",24,0,1.743410118
24,"L1","visuell","audio/n14.wav",1,0,1.661341572
24,"L1","visuell","audio/n16.wav",2,1,1.377531478
24,"L1","visuell","audio/n11.wav",3,0,18.21367703
24,"L1","kontroll","audio/n8.wav",4,0,5.152256838
24,"L1","visuospatial","audio/n22.wav",5,1,0.841624409
24,"L1","visuospatial","audio/n21.wav",6,0,2.095969093
24,"L1","kontroll","audio/n20.wav",7,0,1.678009902
24,"L1","visuospatial","audio/n4.wav",8,1,2.178443681
24,"L1","visuospatial","audio/n1.wav",9,1,1.010579598
24,"L1","kontroll","audio/n5.wav",10,1,1.812113265
24,"L1","kontroll","audio/n6.wav",11,1,3.681546187
24,"L1","kontroll","audio/n18.wav",12,0,2.328921367
24,"L1","visuell","audio/n10.wav",13,1,1.576914376
24,"L1","visuospatial","audio/n2.wav",14,1,7.688063596
24,"L1","visuell","audio/n12.wav",15,1,4.20045226
24,"L1","visuell","audio/n15.wav",16,1,3.448780044
24,"L1","visuospatial","audio/n23.wav",17,1,1.343608814
24,"L1","visuospatial","audio/n3.wav",18,0,3.147687587
24,"L1","kontroll","audio/n19.wav",19,1,4.284148909
24,"L1","visuell","audio/n13.wav",20,1,3.064696902
24,"L1","visuospatial","audio/n24.wav",21,1,8.225495045
24,"L1","kontroll","audio/n7.wav",22,0,11.21610234
24,"L1","visuell","audio/n9.wav",23,0,2.37895415
24,"L1","kontroll","audio/n17.wav",24,1,3.163752772
24,"L2","visuospatial","audio/r22.wav",1,0,2.379755382
24,"L2","visuell","audio/r7.wav",2,1,0.776561365
24,"L2","visuospatial","audio/r24.wav",3,1,0.976153649
24,"L2","visuospatial","audio/r18.wav",4,1,6.455469221
24,"L2","kontroll","audio/r13.wav",5,0,2.227770916
24,"L2","visuell","audio/r6.wav",6,1,2.094498842
24,"L2","visuell","audio/r4.wav",7,1,1.343295649
24,"L2","kontroll","audio/r14.wav",8,1,6.053473232
24,"L2","visuospatial","audio/r20.wav",9,1,4.280624484
24,"L2","kontroll","audio/r10.wav",10,1,1.360472256
24,"L2","visuell","audio/r8.wav",11,1,0.875934104
24,"L2","kontroll","audio/r12.wav",12,1,1.007198284
24,"L2","kontroll","audio/r11.wav",13,1,0.892349262
24,"L2","visuell","audio/r5.wav",14,0,5.40303198
24,"L2","kontroll","audio/r16.wav",15,1,0.875072136
24,"L2","visuell","audio/r2.wav",16,1,0.756756914
24,"L2","kontroll","audio/r9.wav",17,1,1.026851166
24,"L2","visuospatial","audio/r21.wav",18,1,1.428054214
24,"L2","visuospatial","audio/r17.wav",19,0,3.814602897
24,"L2","visuospatial","audio/r23.wav",20,1,1.894955454
24,"L2","visuell","audio/r3.wav",21,1,1.644036519
24,"L2","kontroll","audio/r15.wav",22,1,0.709773476
24,"L2","visuospatial","audio/r19.wav",23,0,1.310800577
24,"L2","visuell","audio/r1.wav",24,1,1.6443633
