Subject;Task;Lang.;Trial;Score;Item;notes;;;;;;;;;;;;;;;;;;;
1;form;L1;1;1;22;;;;;;;;;;;;;;;;;;;;
1;form;L1;2;1;17;;;;;;;;;;;;;;;;;;;;
1;form;L1;3;1;6;;;;;;;;;;;;;;;;;;;;
1;form;L1;4;1;16;;;;;;;;;;;;;;;;;;;;
1;form;L1;5;1;7;;;;;;;;;;;;;;;;;;;;
1;form;L1;6;1;15;;;;;;;;;;;;;;;;;;;;
1;form;L1;7;1;10;;;;;;;;;;;;;;;;;;;;
1;form;L1;8;1;20;;;;;;;;;;;;;;;;;;;;
1;form;L1;9;1;0;;;;;;;;;;;;;;;;;;;;
1;form;L1;10;1;3;;;;;;;;;;;;;;;;;;;;
1;form;L1;11;1;23;;;;;;;;;;;;;;;;;;;;
1;form;L1;12;1;5;;;;;;;;;;;;;;;;;;;;
1;form;L1;13;1;8;;;;;;;;;;;;;;;;;;;;
1;form;L1;14;1;19;;;;;;;;;;;;;;;;;;;;
1;form;L1;15;1;2;;;;;;;;;;;;;;;;;;;;
1;form;L1;16;1;1;;;;;;;;;;;;;;;;;;;;
1;form;L1;17;1;12;;;;;;;;;;;;;;;;;;;;
1;form;L1;18;1;9;;;;;;;;;;;;;;;;;;;;
1;form;L1;19;1;21;;;;;;;;;;;;;;;;;;;;
1;form;L1;20;1;13;;;;;;;;;;;;;;;;;;;;
1;form;L1;21;1;11;;;;;;;;;;;;;;;;;;;;
1;form;L1;22;1;18;;;;;;;;;;;;;;;;;;;;
1;form;L1;23;1;4;;;;;;;;;;;;;;;;;;;;
1;form;L1;24;1;14;;;;;;;;;;;;;;;;;;;;
1;kategori;L1;1;1;16;;;;;;;;;;;;;;;;;;;;
1;kategori;L1;2;1;6;;;;;;;;;;;;;;;;;;;;
1;kategori;L1;3;1;3;;;;;;;;;;;;;;;;;;;;
1;kategori;L1;4;1;20;;;;;;;;;;;;;;;;;;;;
1;kategori;L1;5;1;21;;;;;;;;;;;;;;;;;;;;
1;kategori;L1;6;1;9;;;;;;;;;;;;;;;;;;;;
1;kategori;L1;7;1;18;;;;;;;;;;;;;;;;;;;;
1;kategori;L1;8;1;23;;;;;;;;;;;;;;;;;;;;
1;kategori;L1;9;1;1;;;;;;;;;;;;;;;;;;;;
1;kategori;L1;10;1;0;;;;;;;;;;;;;;;;;;;;
1;kategori;L1;11;1;7;;;;;;;;;;;;;;;;;;;;
1;kategori;L1;12;1;19;;;;;;;;;;;;;;;;;;;;
1;kategori;L1;13;1;13;;;;;;;;;;;;;;;;;;;;
1;kategori;L1;14;1;22;;;;;;;;;;;;;;;;;;;;
1;kategori;L1;15;1;10;;;;;;;;;;;;;;;;;;;;
1;kategori;L1;16;1;4;;;;;;;;;;;;;;;;;;;;
1;kategori;L1;17;1;5;;;;;;;;;;;;;;;;;;;;
1;kategori;L1;18;1;17;;;;;;;;;;;;;;;;;;;;
1;kategori;L1;19;1;12;;;;;;;;;;;;;;;;;;;;
1;kategori;L1;20;1;8;;;;;;;;;;;;;;;;;;;;
1;kategori;L1;21;1;15;;;;;;;;;;;;;;;;;;;;
1;kategori;L1;22;1;11;;;;;;;;;;;;;;;;;;;;
1;kategori;L1;23;1;2;;;;;;;;;;;;;;;;;;;;
1;kategori;L1;24;1;14;;;;;;;;;;;;;;;;;;;;
1;form;L2;1;1;9;;;;;;;;;;;;;;;;;;;;
1;form;L2;2;1;5;;;;;;;;;;;;;;;;;;;;
1;form;L2;3;1;21;;;;;;;;;;;;;;;;;;;;
1;form;L2;4;1;10;;;;;;;;;;;;;;;;;;;;
1;form;L2;5;1;23;;;;;;;;;;;;;;;;;;;;
1;form;L2;6;1;18;;;;;;;;;;;;;;;;;;;;
1;form;L2;7;1;12;;;;;;;;;;;;;;;;;;;;
1;form;L2;8;1;0;;;;;;;;;;;;;;;;;;;;
1;form;L2;9;1;4;;;;;;;;;;;;;;;;;;;;
1;form;L2;10;1;13;;;;;;;;;;;;;;;;;;;;
1;form;L2;11;1;6;;;;;;;;;;;;;;;;;;;;
1;form;L2;12;1;14;;;;;;;;;;;;;;;;;;;;
1;form;L2;13;1;19;;;;;;;;;;;;;;;;;;;;
1;form;L2;14;1;7;;;;;;;;;;;;;;;;;;;;
1;form;L2;15;1;8;;;;;;;;;;;;;;;;;;;;
1;form;L2;16;1;16;;;;;;;;;;;;;;;;;;;;
1;form;L2;17;1;20;;;;;;;;;;;;;;;;;;;;
1;form;L2;18;1;11;;;;;;;;;;;;;;;;;;;;
1;form;L2;19;1;2;;;;;;;;;;;;;;;;;;;;
1;form;L2;20;1;1;;;;;;;;;;;;;;;;;;;;
1;form;L2;21;1;15;;;;;;;;;;;;;;;;;;;;
1;form;L2;22;1;17;;;;;;;;;;;;;;;;;;;;
1;form;L2;23;1;3;;;;;;;;;;;;;;;;;;;;
1;form;L2;24;1;22;;;;;;;;;;;;;;;;;;;;
1;kategori;L2;1;1;14;;;;;;;;;;;;;;;;;;;;
1;kategori;L2;2;1;23;;;;;;;;;;;;;;;;;;;;
1;kategori;L2;3;1;22;;;;;;;;;;;;;;;;;;;;
1;kategori;L2;4;1;0;;;;;;;;;;;;;;;;;;;;
1;kategori;L2;5;1;19;;;;;;;;;;;;;;;;;;;;
1;kategori;L2;6;1;18;;;;;;;;;;;;;;;;;;;;
1;kategori;L2;7;1;17;;;;;;;;;;;;;;;;;;;;
1;kategori;L2;8;1;10;;;;;;;;;;;;;;;;;;;;
1;kategori;L2;9;1;6;;;;;;;;;;;;;;;;;;;;
1;kategori;L2;10;1;3;;;;;;;;;;;;;;;;;;;;
1;kategori;L2;11;1;20;;;;;;;;;;;;;;;;;;;;
1;kategori;L2;12;1;7;;;;;;;;;;;;;;;;;;;;
1;kategori;L2;13;1;8;;;;;;;;;;;;;;;;;;;;
1;kategori;L2;14;1;5;;;;;;;;;;;;;;;;;;;;
1;kategori;L2;15;1;4;;;;;;;;;;;;;;;;;;;;
1;kategori;L2;16;1;2;;;;;;;;;;;;;;;;;;;;
1;kategori;L2;17;1;12;;;;;;;;;;;;;;;;;;;;
1;kategori;L2;18;1;16;;;;;;;;;;;;;;;;;;;;
1;kategori;L2;19;1;9;;;;;;;;;;;;;;;;;;;;
1;kategori;L2;20;1;13;;;;;;;;;;;;;;;;;;;;
1;kategori;L2;21;1;11;;;;;;;;;;;;;;;;;;;;
1;kategori;L2;22;1;15;;;;;;;;;;;;;;;;;;;;
1;kategori;L2;23;1;1;;;;;;;;;;;;;;;;;;;;
1;kategori;L2;24;1;21;;;;;;;;;;;;;;;;;;;;
2;form;L1;1;1;4;;;;;;;;;;;;;;;;;;;;
2;form;L1;2;1;17;;;;;;;;;;;;;;;;;;;;
2;form;L1;3;1;15;;;;;;;;;;;;;;;;;;;;
2;form;L1;4;1;16;;;;;;;;;;;;;;;;;;;;
2;form;L1;5;1;5;;;;;;;;;;;;;;;;;;;;
2;form;L1;6;1;23;;;;;;;;;;;;;;;;;;;;
2;form;L1;7;1;14;;;;;;;;;;;;;;;;;;;;
2;form;L1;8;0;19;;;;;;;;;;;;;;;;;;;;
2;form;L1;9;1;2;;;;;;;;;;;;;;;;;;;;
2;form;L1;10;1;12;;;;;;;;;;;;;;;;;;;;
2;form;L1;11;1;9;;;;;;;;;;;;;;;;;;;;
2;form;L1;12;1;8;;;;;;;;;;;;;;;;;;;;
2;form;L1;13;0;11;;;;;;;;;;;;;;;;;;;;
2;form;L1;14;1;22;;;;;;;;;;;;;;;;;;;;
2;form;L1;15;1;10;;;;;;;;;;;;;;;;;;;;
2;form;L1;16;1;7;;;;;;;;;;;;;;;;;;;;
2;form;L1;17;1;1;;;;;;;;;;;;;;;;;;;;
2;form;L1;18;0;3;;;;;;;;;;;;;;;;;;;;
2;form;L1;19;1;6;;;;;;;;;;;;;;;;;;;;
2;form;L1;20;1;20;;;;;;;;;;;;;;;;;;;;
2;form;L1;21;1;0;;;;;;;;;;;;;;;;;;;;
2;form;L1;22;0;13;;;;;;;;;;;;;;;;;;;;
2;form;L1;23;1;18;;;;;;;;;;;;;;;;;;;;
2;form;L1;24;1;21;;;;;;;;;;;;;;;;;;;;
2;kategori;L1;1;1;22;;;;;;;;;;;;;;;;;;;;
2;kategori;L1;2;1;1;;;;;;;;;;;;;;;;;;;;
2;kategori;L1;3;1;15;;;;;;;;;;;;;;;;;;;;
2;kategori;L1;4;1;7;;;;;;;;;;;;;;;;;;;;
2;kategori;L1;5;1;12;;;;;;;;;;;;;;;;;;;;
2;kategori;L1;6;1;11;;;;;;;;;;;;;;;;;;;;
2;kategori;L1;7;1;4;;;;;;;;;;;;;;;;;;;;
2;kategori;L1;8;1;23;;;;;;;;;;;;;;;;;;;;
2;kategori;L1;9;1;20;;;;;;;;;;;;;;;;;;;;
2;kategori;L1;10;1;3;;;;;;;;;;;;;;;;;;;;
2;kategori;L1;11;1;18;;;;;;;;;;;;;;;;;;;;
2;kategori;L1;12;1;17;;;;;;;;;;;;;;;;;;;;
2;kategori;L1;13;1;10;;;;;;;;;;;;;;;;;;;;
2;kategori;L1;14;1;14;;;;;;;;;;;;;;;;;;;;
2;kategori;L1;15;1;0;;;;;;;;;;;;;;;;;;;;
2;kategori;L1;16;1;13;;;;;;;;;;;;;;;;;;;;
2;kategori;L1;17;1;16;;;;;;;;;;;;;;;;;;;;
2;kategori;L1;18;1;21;;;;;;;;;;;;;;;;;;;;
2;kategori;L1;19;1;6;;;;;;;;;;;;;;;;;;;;
2;kategori;L1;20;1;8;;;;;;;;;;;;;;;;;;;;
2;kategori;L1;21;1;19;;;;;;;;;;;;;;;;;;;;
2;kategori;L1;22;1;5;;;;;;;;;;;;;;;;;;;;
2;kategori;L1;23;1;9;;;;;;;;;;;;;;;;;;;;
2;kategori;L1;24;1;2;;;;;;;;;;;;;;;;;;;;
2;form;L2;1;1;18;;;;;;;;;;;;;;;;;;;;
2;form;L2;2;1;5;;;;;;;;;;;;;;;;;;;;
2;form;L2;3;1;0;;;;;;;;;;;;;;;;;;;;
2;form;L2;4;1;20;;;;;;;;;;;;;;;;;;;;
2;form;L2;5;0;11;;;;;;;;;;;;;;;;;;;;
2;form;L2;6;1;9;;;;;;;;;;;;;;;;;;;;
2;form;L2;7;1;10;;;;;;;;;;;;;;;;;;;;
2;form;L2;8;1;22;;;;;;;;;;;;;;;;;;;;
2;form;L2;9;1;15;;;;;;;;;;;;;;;;;;;;
2;form;L2;10;0;12;;;;;;;;;;;;;;;;;;;;
2;form;L2;11;1;8;;;;;;;;;;;;;;;;;;;;
2;form;L2;12;0;3;;;;;;;;;;;;;;;;;;;;
2;form;L2;13;0;13;;;;;;;;;;;;;;;;;;;;
2;form;L2;14;1;6;;;;;;;;;;;;;;;;;;;;
2;form;L2;15;1;17;;;;;;;;;;;;;;;;;;;;
2;form;L2;16;1;1;;;;;;;;;;;;;;;;;;;;
2;form;L2;17;1;23;;;;;;;;;;;;;;;;;;;;
2;form;L2;18;0;7;;;;;;;;;;;;;;;;;;;;
2;form;L2;19;1;21;;;;;;;;;;;;;;;;;;;;
2;form;L2;20;1;19;;;;;;;;;;;;;;;;;;;;
2;form;L2;21;1;2;;;;;;;;;;;;;;;;;;;;
2;form;L2;22;1;4;;;;;;;;;;;;;;;;;;;;
2;form;L2;23;1;14;;;;;;;;;;;;;;;;;;;;
2;form;L2;24;1;16;;;;;;;;;;;;;;;;;;;;
2;kategori;L2;1;1;22;;;;;;;;;;;;;;;;;;;;
2;kategori;L2;2;1;12;;;;;;;;;;;;;;;;;;;;
2;kategori;L2;3;1;2;;;;;;;;;;;;;;;;;;;;
2;kategori;L2;4;1;1;;;;;;;;;;;;;;;;;;;;
2;kategori;L2;5;1;10;;;;;;;;;;;;;;;;;;;;
2;kategori;L2;6;1;15;;;;;;;;;;;;;;;;;;;;
2;kategori;L2;7;1;17;;;;;;;;;;;;;;;;;;;;
2;kategori;L2;8;1;23;;;;;;;;;;;;;;;;;;;;
2;kategori;L2;9;1;3;;;;;;;;;;;;;;;;;;;;
2;kategori;L2;10;1;6;;;;;;;;;;;;;;;;;;;;
2;kategori;L2;11;1;5;;;;;;;;;;;;;;;;;;;;
2;kategori;L2;12;1;20;;;;;;;;;;;;;;;;;;;;
2;kategori;L2;13;1;4;;;;;;;;;;;;;;;;;;;;
2;kategori;L2;14;1;16;;;;;;;;;;;;;;;;;;;;
2;kategori;L2;15;1;19;;;;;;;;;;;;;;;;;;;;
2;kategori;L2;16;1;11;;;;;;;;;;;;;;;;;;;;
2;kategori;L2;17;1;9;;;;;;;;;;;;;;;;;;;;
2;kategori;L2;18;1;18;;;;;;;;;;;;;;;;;;;;
2;kategori;L2;19;1;8;;;;;;;;;;;;;;;;;;;;
2;kategori;L2;20;1;21;;;;;;;;;;;;;;;;;;;;
2;kategori;L2;21;1;14;;;;;;;;;;;;;;;;;;;;
2;kategori;L2;22;1;7;;;;;;;;;;;;;;;;;;;;
2;kategori;L2;23;1;13;;;;;;;;;;;;;;;;;;;;
2;kategori;L2;24;1;0;;;;;;;;;;;;;;;;;;;;
3;form;L1;1;1;19;;;;;;;;;;;;;;;;;;;;
3;form;L1;2;1;20;;;;;;;;;;;;;;;;;;;;
3;form;L1;3;1;9;;;;;;;;;;;;;;;;;;;;
3;form;L1;4;1;23;;;;;;;;;;;;;;;;;;;;
3;form;L1;5;1;22;;;;;;;;;;;;;;;;;;;;
3;form;L1;6;1;5;;;;;;;;;;;;;;;;;;;;
3;form;L1;7;1;18;;;;;;;;;;;;;;;;;;;;
3;form;L1;8;1;8;;;;;;;;;;;;;;;;;;;;
3;form;L1;9;1;11;;;;;;;;;;;;;;;;;;;;
3;form;L1;10;1;16;;;;;;;;;;;;;;;;;;;;
3;form;L1;11;1;1;;;;;;;;;;;;;;;;;;;;
3;form;L1;12;1;14;;;;;;;;;;;;;;;;;;;;
3;form;L1;13;1;13;;;;;;;;;;;;;;;;;;;;
3;form;L1;14;1;4;;;;;;;;;;;;;;;;;;;;
3;form;L1;15;1;17;;;;;;;;;;;;;;;;;;;;
3;form;L1;16;1;21;;;;;;;;;;;;;;;;;;;;
3;form;L1;17;1;10;;;;;;;;;;;;;;;;;;;;
3;form;L1;18;1;15;;;;;;;;;;;;;;;;;;;;
3;form;L1;19;1;3;;;;;;;;;;;;;;;;;;;;
3;form;L1;20;1;12;;;;;;;;;;;;;;;;;;;;
3;form;L1;21;1;0;;;;;;;;;;;;;;;;;;;;
3;form;L1;22;1;2;;;;;;;;;;;;;;;;;;;;
3;form;L1;23;1;6;;;;;;;;;;;;;;;;;;;;
3;form;L1;24;1;7;;;;;;;;;;;;;;;;;;;;
3;kategori;L1;1;1;10;;;;;;;;;;;;;;;;;;;;
3;kategori;L1;2;1;12;;;;;;;;;;;;;;;;;;;;
3;kategori;L1;3;1;2;;;;;;;;;;;;;;;;;;;;
3;kategori;L1;4;1;3;;;;;;;;;;;;;;;;;;;;
3;kategori;L1;5;1;15;;;;;;;;;;;;;;;;;;;;
3;kategori;L1;6;1;18;;;;;;;;;;;;;;;;;;;;
3;kategori;L1;7;1;16;;;;;;;;;;;;;;;;;;;;
3;kategori;L1;8;1;21;;;;;;;;;;;;;;;;;;;;
3;kategori;L1;9;1;9;;;;;;;;;;;;;;;;;;;;
3;kategori;L1;10;1;5;;;;;;;;;;;;;;;;;;;;
3;kategori;L1;11;1;13;;;;;;;;;;;;;;;;;;;;
3;kategori;L1;12;1;7;;;;;;;;;;;;;;;;;;;;
3;kategori;L1;13;1;20;;;;;;;;;;;;;;;;;;;;
3;kategori;L1;14;1;1;;;;;;;;;;;;;;;;;;;;
3;kategori;L1;15;1;6;;;;;;;;;;;;;;;;;;;;
3;kategori;L1;16;1;23;;;;;;;;;;;;;;;;;;;;
3;kategori;L1;17;1;22;;;;;;;;;;;;;;;;;;;;
3;kategori;L1;18;1;19;;;;;;;;;;;;;;;;;;;;
3;kategori;L1;19;1;4;;;;;;;;;;;;;;;;;;;;
3;kategori;L1;20;1;11;;;;;;;;;;;;;;;;;;;;
3;kategori;L1;21;1;8;;;;;;;;;;;;;;;;;;;;
3;kategori;L1;22;1;17;;;;;;;;;;;;;;;;;;;;
3;kategori;L1;23;1;14;;;;;;;;;;;;;;;;;;;;
3;kategori;L1;24;1;0;;;;;;;;;;;;;;;;;;;;
3;form;L2;1;1;19;;;;;;;;;;;;;;;;;;;;
3;form;L2;2;1;15;;;;;;;;;;;;;;;;;;;;
3;form;L2;3;1;22;;;;;;;;;;;;;;;;;;;;
3;form;L2;4;1;17;;;;;;;;;;;;;;;;;;;;
3;form;L2;5;1;10;;;;;;;;;;;;;;;;;;;;
3;form;L2;6;0;14;;;;;;;;;;;;;;;;;;;;
3;form;L2;7;1;21;;;;;;;;;;;;;;;;;;;;
3;form;L2;8;1;18;;;;;;;;;;;;;;;;;;;;
3;form;L2;9;1;16;;;;;;;;;;;;;;;;;;;;
3;form;L2;10;1;3;;;;;;;;;;;;;;;;;;;;
3;form;L2;11;1;1;;;;;;;;;;;;;;;;;;;;
3;form;L2;12;1;9;;;;;;;;;;;;;;;;;;;;
3;form;L2;13;1;8;;;;;;;;;;;;;;;;;;;;
3;form;L2;14;1;6;;;;;;;;;;;;;;;;;;;;
3;form;L2;15;1;4;;;;;;;;;;;;;;;;;;;;
3;form;L2;16;1;20;;;;;;;;;;;;;;;;;;;;
3;form;L2;17;1;2;;;;;;;;;;;;;;;;;;;;
3;form;L2;18;1;12;;;;;;;;;;;;;;;;;;;;
3;form;L2;19;1;0;;;;;;;;;;;;;;;;;;;;
3;form;L2;20;1;23;;;;;;;;;;;;;;;;;;;;
3;form;L2;21;1;7;;;;;;;;;;;;;;;;;;;;
3;form;L2;22;1;11;;;;;;;;;;;;;;;;;;;;
3;form;L2;23;1;5;;;;;;;;;;;;;;;;;;;;
3;form;L2;24;1;13;;;;;;;;;;;;;;;;;;;;
3;kategori;L2;1;1;20;;;;;;;;;;;;;;;;;;;;
3;kategori;L2;2;1;9;;;;;;;;;;;;;;;;;;;;
3;kategori;L2;3;1;14;;;;;;;;;;;;;;;;;;;;
3;kategori;L2;4;1;0;;;;;;;;;;;;;;;;;;;;
3;kategori;L2;5;1;23;;;;;;;;;;;;;;;;;;;;
3;kategori;L2;6;1;13;;;;;;;;;;;;;;;;;;;;
3;kategori;L2;7;1;10;;;;;;;;;;;;;;;;;;;;
3;kategori;L2;8;1;4;;;;;;;;;;;;;;;;;;;;
3;kategori;L2;9;1;3;;;;;;;;;;;;;;;;;;;;
3;kategori;L2;10;1;7;;;;;;;;;;;;;;;;;;;;
3;kategori;L2;11;1;19;;;;;;;;;;;;;;;;;;;;
3;kategori;L2;12;1;18;;;;;;;;;;;;;;;;;;;;
3;kategori;L2;13;1;15;;;;;;;;;;;;;;;;;;;;
3;kategori;L2;14;1;12;;;;;;;;;;;;;;;;;;;;
3;kategori;L2;15;1;16;;;;;;;;;;;;;;;;;;;;
3;kategori;L2;16;1;17;;;;;;;;;;;;;;;;;;;;
3;kategori;L2;17;1;1;;;;;;;;;;;;;;;;;;;;
3;kategori;L2;18;1;2;;;;;;;;;;;;;;;;;;;;
3;kategori;L2;19;1;21;;;;;;;;;;;;;;;;;;;;
3;kategori;L2;20;1;22;;;;;;;;;;;;;;;;;;;;
3;kategori;L2;21;1;5;;;;;;;;;;;;;;;;;;;;
3;kategori;L2;22;1;6;;;;;;;;;;;;;;;;;;;;
3;kategori;L2;23;1;8;;;;;;;;;;;;;;;;;;;;
3;kategori;L2;24;1;11;;;;;;;;;;;;;;;;;;;;
4;form;L1;1;0;8;;;;;;;;;;;;;;;;;;;;
4;form;L1;2;1;7;;;;;;;;;;;;;;;;;;;;
4;form;L1;3;1;14;;;;;;;;;;;;;;;;;;;;
4;form;L1;4;1;9;;;;;;;;;;;;;;;;;;;;
4;form;L1;5;1;20;;;;;;;;;;;;;;;;;;;;
4;form;L1;6;1;0;;;;;;;;;;;;;;;;;;;;
4;form;L1;7;1;22;;;;;;;;;;;;;;;;;;;;
4;form;L1;8;1;5;;;;;;;;;;;;;;;;;;;;
4;form;L1;9;1;6;;;;;;;;;;;;;;;;;;;;
4;form;L1;10;1;10;;;;;;;;;;;;;;;;;;;;
4;form;L1;11;1;11;;;;;;;;;;;;;;;;;;;;
4;form;L1;12;1;13;;;;;;;;;;;;;;;;;;;;
4;form;L1;13;1;17;;;;;;;;;;;;;;;;;;;;
4;form;L1;14;1;15;;;;;;;;;;;;;;;;;;;;
4;form;L1;15;1;19;;;;;;;;;;;;;;;;;;;;
4;form;L1;16;1;1;;;;;;;;;;;;;;;;;;;;
4;form;L1;17;1;2;;;;;;;;;;;;;;;;;;;;
4;form;L1;18;1;3;;;;;;;;;;;;;;;;;;;;
4;form;L1;19;1;4;;;;;;;;;;;;;;;;;;;;
4;form;L1;20;1;16;;;;;;;;;;;;;;;;;;;;
4;form;L1;21;1;18;;;;;;;;;;;;;;;;;;;;
4;form;L1;22;1;12;;;;;;;;;;;;;;;;;;;;
4;form;L1;23;1;23;;;;;;;;;;;;;;;;;;;;
4;form;L1;24;1;21;;;;;;;;;;;;;;;;;;;;
4;kategori;L1;1;1;7;;;;;;;;;;;;;;;;;;;;
4;kategori;L1;2;1;12;;;;;;;;;;;;;;;;;;;;
4;kategori;L1;3;1;20;;;;;;;;;;;;;;;;;;;;
4;kategori;L1;4;1;16;;;;;;;;;;;;;;;;;;;;
4;kategori;L1;5;1;9;;;;;;;;;;;;;;;;;;;;
4;kategori;L1;6;1;18;;;;;;;;;;;;;;;;;;;;
4;kategori;L1;7;1;8;;;;;;;;;;;;;;;;;;;;
4;kategori;L1;8;1;0;;;;;;;;;;;;;;;;;;;;
4;kategori;L1;9;1;6;;;;;;;;;;;;;;;;;;;;
4;kategori;L1;10;1;5;;;;;;;;;;;;;;;;;;;;
4;kategori;L1;11;1;13;;;;;;;;;;;;;;;;;;;;
4;kategori;L1;12;1;23;;;;;;;;;;;;;;;;;;;;
4;kategori;L1;13;1;22;;;;;;;;;;;;;;;;;;;;
4;kategori;L1;14;1;4;;;;;;;;;;;;;;;;;;;;
4;kategori;L1;15;1;14;;;;;;;;;;;;;;;;;;;;
4;kategori;L1;16;1;17;;;;;;;;;;;;;;;;;;;;
4;kategori;L1;17;1;15;;;;;;;;;;;;;;;;;;;;
4;kategori;L1;18;1;19;;;;;;;;;;;;;;;;;;;;
4;kategori;L1;19;1;2;;;;;;;;;;;;;;;;;;;;
4;kategori;L1;20;1;21;;;;;;;;;;;;;;;;;;;;
4;kategori;L1;21;1;1;;;;;;;;;;;;;;;;;;;;
4;kategori;L1;22;1;3;;;;;;;;;;;;;;;;;;;;
4;kategori;L1;23;1;11;;;;;;;;;;;;;;;;;;;;
4;kategori;L1;24;1;10;;;;;;;;;;;;;;;;;;;;
4;form;L2;1;1;12;;;;;;;;;;;;;;;;;;;;
4;form;L2;2;1;19;;;;;;;;;;;;;;;;;;;;
4;form;L2;3;1;22;;;;;;;;;;;;;;;;;;;;
4;form;L2;4;0;7;;;;;;;;;;;;;;;;;;;;
4;form;L2;5;1;4;;;;;;;;;;;;;;;;;;;;
4;form;L2;6;1;10;;;;;;;;;;;;;;;;;;;;
4;form;L2;7;1;2;;;;;;;;;;;;;;;;;;;;
4;form;L2;8;1;18;;;;;;;;;;;;;;;;;;;;
4;form;L2;9;1;14;;;;;;;;;;;;;;;;;;;;
4;form;L2;10;1;13;;;;;;;;;;;;;;;;;;;;
4;form;L2;11;1;0;;;;;;;;;;;;;;;;;;;;
4;form;L2;12;1;3;;;;;;;;;;;;;;;;;;;;
4;form;L2;13;1;15;;;;;;;;;;;;;;;;;;;;
4;form;L2;14;1;21;;;;;;;;;;;;;;;;;;;;
4;form;L2;15;1;20;;;;;;;;;;;;;;;;;;;;
4;form;L2;16;1;17;;;;;;;;;;;;;;;;;;;;
4;form;L2;17;1;16;;;;;;;;;;;;;;;;;;;;
4;form;L2;18;1;11;;;;;;;;;;;;;;;;;;;;
4;form;L2;19;1;23;;;;;;;;;;;;;;;;;;;;
4;form;L2;20;1;5;;;;;;;;;;;;;;;;;;;;
4;form;L2;21;1;6;;;;;;;;;;;;;;;;;;;;
4;form;L2;22;1;1;;;;;;;;;;;;;;;;;;;;
4;form;L2;23;1;8;;;;;;;;;;;;;;;;;;;;
4;form;L2;24;1;9;;;;;;;;;;;;;;;;;;;;
4;kategori;L2;1;1;16;;;;;;;;;;;;;;;;;;;;
4;kategori;L2;2;1;14;;;;;;;;;;;;;;;;;;;;
4;kategori;L2;3;1;0;;;;;;;;;;;;;;;;;;;;
4;kategori;L2;4;1;21;;;;;;;;;;;;;;;;;;;;
4;kategori;L2;5;1;17;;;;;;;;;;;;;;;;;;;;
4;kategori;L2;6;1;9;;;;;;;;;;;;;;;;;;;;
4;kategori;L2;7;1;6;;;;;;;;;;;;;;;;;;;;
4;kategori;L2;8;1;7;;;;;;;;;;;;;;;;;;;;
4;kategori;L2;9;1;1;;;;;;;;;;;;;;;;;;;;
4;kategori;L2;10;1;19;;;;;;;;;;;;;;;;;;;;
4;kategori;L2;11;1;8;;;;;;;;;;;;;;;;;;;;
4;kategori;L2;12;1;10;;;;;;;;;;;;;;;;;;;;
4;kategori;L2;13;1;18;;;;;;;;;;;;;;;;;;;;
4;kategori;L2;14;1;4;;;;;;;;;;;;;;;;;;;;
4;kategori;L2;15;1;15;;;;;;;;;;;;;;;;;;;;
4;kategori;L2;16;1;11;;;;;;;;;;;;;;;;;;;;
4;kategori;L2;17;1;12;;;;;;;;;;;;;;;;;;;;
4;kategori;L2;18;1;22;;;;;;;;;;;;;;;;;;;;
4;kategori;L2;19;1;23;;;;;;;;;;;;;;;;;;;;
4;kategori;L2;20;1;20;;;;;;;;;;;;;;;;;;;;
4;kategori;L2;21;1;13;;;;;;;;;;;;;;;;;;;;
4;kategori;L2;22;1;3;;;;;;;;;;;;;;;;;;;;
4;kategori;L2;23;1;5;;;;;;;;;;;;;;;;;;;;
4;kategori;L2;24;1;2;;;;;;;;;;;;;;;;;;;;
5;form;L1;1;1;2;;;;;;;;;;;;;;;;;;;;
5;form;L1;2;1;10;;;;;;;;;;;;;;;;;;;;
5;form;L1;3;1;18;;;;;;;;;;;;;;;;;;;;
5;form;L1;4;1;23;;;;;;;;;;;;;;;;;;;;
5;form;L1;5;1;0;;;;;;;;;;;;;;;;;;;;
5;form;L1;6;1;22;;;;;;;;;;;;;;;;;;;;
5;form;L1;7;1;4;;;;;;;;;;;;;;;;;;;;
5;form;L1;8;1;9;;;;;;;;;;;;;;;;;;;;
5;form;L1;9;1;14;;;;;;;;;;;;;;;;;;;;
5;form;L1;10;1;1;;;;;;;;;;;;;;;;;;;;
5;form;L1;11;1;17;;;;;;;;;;;;;;;;;;;;
5;form;L1;12;1;16;;;;;;;;;;;;;;;;;;;;
5;form;L1;13;1;13;;;;;;;;;;;;;;;;;;;;
5;form;L1;14;1;15;;;;;;;;;;;;;;;;;;;;
5;form;L1;15;1;11;;;;;;;;;;;;;;;;;;;;
5;form;L1;16;1;5;;;;;;;;;;;;;;;;;;;;
5;form;L1;17;1;21;;;;;;;;;;;;;;;;;;;;
5;form;L1;18;1;7;;;;;;;;;;;;;;;;;;;;
5;form;L1;19;1;6;;;;;;;;;;;;;;;;;;;;
5;form;L1;20;1;8;;;;;;;;;;;;;;;;;;;;
5;form;L1;21;1;12;;;;;;;;;;;;;;;;;;;;
5;form;L1;22;1;20;;;;;;;;;;;;;;;;;;;;
5;form;L1;23;1;3;;;;;;;;;;;;;;;;;;;;
5;form;L1;24;1;19;;;;;;;;;;;;;;;;;;;;
5;kategori;L1;1;1;0;;;;;;;;;;;;;;;;;;;;
5;kategori;L1;2;1;3;;;;;;;;;;;;;;;;;;;;
5;kategori;L1;3;1;20;;;;;;;;;;;;;;;;;;;;
5;kategori;L1;4;1;23;;;;;;;;;;;;;;;;;;;;
5;kategori;L1;5;1;22;;;;;;;;;;;;;;;;;;;;
5;kategori;L1;6;1;12;;;;;;;;;;;;;;;;;;;;
5;kategori;L1;7;1;13;;;;;;;;;;;;;;;;;;;;
5;kategori;L1;8;1;18;;;;;;;;;;;;;;;;;;;;
5;kategori;L1;9;1;10;;;;;;;;;;;;;;;;;;;;
5;kategori;L1;10;1;8;;;;;;;;;;;;;;;;;;;;
5;kategori;L1;11;1;7;;;;;;;;;;;;;;;;;;;;
5;kategori;L1;12;1;2;;;;;;;;;;;;;;;;;;;;
5;kategori;L1;13;1;17;;;;;;;;;;;;;;;;;;;;
5;kategori;L1;14;1;16;;;;;;;;;;;;;;;;;;;;
5;kategori;L1;15;1;11;;;;;;;;;;;;;;;;;;;;
5;kategori;L1;16;1;4;;;;;;;;;;;;;;;;;;;;
5;kategori;L1;17;1;15;;;;;;;;;;;;;;;;;;;;
5;kategori;L1;18;1;14;;;;;;;;;;;;;;;;;;;;
5;kategori;L1;19;1;21;;;;;;;;;;;;;;;;;;;;
5;kategori;L1;20;1;19;;;;;;;;;;;;;;;;;;;;
5;kategori;L1;21;1;6;;;;;;;;;;;;;;;;;;;;
5;kategori;L1;22;1;9;;;;;;;;;;;;;;;;;;;;
5;kategori;L1;23;1;5;;;;;;;;;;;;;;;;;;;;
5;kategori;L1;24;1;1;;;;;;;;;;;;;;;;;;;;
5;form;L2;1;1;0;;;;;;;;;;;;;;;;;;;;
5;form;L2;2;0;16;;;;;;;;;;;;;;;;;;;;
5;form;L2;3;1;17;;;;;;;;;;;;;;;;;;;;
5;form;L2;4;1;2;;;;;;;;;;;;;;;;;;;;
5;form;L2;5;1;21;;;;;;;;;;;;;;;;;;;;
5;form;L2;6;1;18;;;;;;;;;;;;;;;;;;;;
5;form;L2;7;1;8;;;;;;;;;;;;;;;;;;;;
5;form;L2;8;1;6;;;;;;;;;;;;;;;;;;;;
5;form;L2;9;1;5;;;;;;;;;;;;;;;;;;;;
5;form;L2;10;1;22;;;;;;;;;;;;;;;;;;;;
5;form;L2;11;1;13;;;;;;;;;;;;;;;;;;;;
5;form;L2;12;1;12;;;;;;;;;;;;;;;;;;;;
5;form;L2;13;1;19;;;;;;;;;;;;;;;;;;;;
5;form;L2;14;1;1;;;;;;;;;;;;;;;;;;;;
5;form;L2;15;0;10;;;;;;;;;;;;;;;;;;;;
5;form;L2;16;1;3;;;;;;;;;;;;;;;;;;;;
5;form;L2;17;0;15;;;;;;;;;;;;;;;;;;;;
5;form;L2;18;0;7;;;;;;;;;;;;;;;;;;;;
5;form;L2;19;1;9;;;;;;;;;;;;;;;;;;;;
5;form;L2;20;1;20;;;;;;;;;;;;;;;;;;;;
5;form;L2;21;1;4;;;;;;;;;;;;;;;;;;;;
5;form;L2;22;1;23;;;;;;;;;;;;;;;;;;;;
5;form;L2;23;1;14;;;;;;;;;;;;;;;;;;;;
5;form;L2;24;0;11;;;;;;;;;;;;;;;;;;;;
5;kategori;L2;1;1;4;;;;;;;;;;;;;;;;;;;;
5;kategori;L2;2;1;3;;;;;;;;;;;;;;;;;;;;
5;kategori;L2;3;1;14;;;;;;;;;;;;;;;;;;;;
5;kategori;L2;4;1;12;;;;;;;;;;;;;;;;;;;;
5;kategori;L2;5;1;23;;;;;;;;;;;;;;;;;;;;
5;kategori;L2;6;1;18;;;;;;;;;;;;;;;;;;;;
5;kategori;L2;7;1;16;;;;;;;;;;;;;;;;;;;;
5;kategori;L2;8;1;9;;;;;;;;;;;;;;;;;;;;
5;kategori;L2;9;1;17;;;;;;;;;;;;;;;;;;;;
5;kategori;L2;10;1;15;;;;;;;;;;;;;;;;;;;;
5;kategori;L2;11;0;20;;;;;;;;;;;;;;;;;;;;
5;kategori;L2;12;1;6;;;;;;;;;;;;;;;;;;;;
5;kategori;L2;13;1;0;;;;;;;;;;;;;;;;;;;;
5;kategori;L2;14;1;2;;;;;;;;;;;;;;;;;;;;
5;kategori;L2;15;1;11;;;;;;;;;;;;;;;;;;;;
5;kategori;L2;16;1;1;;;;;;;;;;;;;;;;;;;;
5;kategori;L2;17;1;19;;;;;;;;;;;;;;;;;;;;
5;kategori;L2;18;1;21;;;;;;;;;;;;;;;;;;;;
5;kategori;L2;19;1;7;;;;;;;;;;;;;;;;;;;;
5;kategori;L2;20;1;22;;;;;;;;;;;;;;;;;;;;
5;kategori;L2;21;1;13;;;;;;;;;;;;;;;;;;;;
5;kategori;L2;22;1;5;;;;;;;;;;;;;;;;;;;;
5;kategori;L2;23;1;8;;;;;;;;;;;;;;;;;;;;
5;kategori;L2;24;1;10;;;;;;;;;;;;;;;;;;;;
6;form;L1;1;1;10;;;;;;;;;;;;;;;;;;;;
6;form;L1;2;1;20;;;;;;;;;;;;;;;;;;;;
6;form;L1;3;1;6;;;;;;;;;;;;;;;;;;;;
6;form;L1;4;1;8;;;;;;;;;;;;;;;;;;;;
6;form;L1;5;1;12;;;;;;;;;;;;;;;;;;;;
6;form;L1;6;1;21;;;;;;;;;;;;;;;;;;;;
6;form;L1;7;1;5;;;;;;;;;;;;;;;;;;;;
6;form;L1;8;0;7;;;;;;;;;;;;;;;;;;;;
6;form;L1;9;1;11;;;;;;;;;;;;;;;;;;;;
6;form;L1;10;1;14;;;;;;;;;;;;;;;;;;;;
6;form;L1;11;1;9;;;;;;;;;;;;;;;;;;;;
6;form;L1;12;1;15;;;;;;;;;;;;;;;;;;;;
6;form;L1;13;1;22;;;;;;;;;;;;;;;;;;;;
6;form;L1;14;0;16;;;;;;;;;;;;;;;;;;;;
6;form;L1;15;1;0;;;;;;;;;;;;;;;;;;;;
6;form;L1;16;1;1;;;;;;;;;;;;;;;;;;;;
6;form;L1;17;1;4;;;;;;;;;;;;;;;;;;;;
6;form;L1;18;1;23;;;;;;;;;;;;;;;;;;;;
6;form;L1;19;1;18;;;;;;;;;;;;;;;;;;;;
6;form;L1;20;1;2;;;;;;;;;;;;;;;;;;;;
6;form;L1;21;1;13;;;;;;;;;;;;;;;;;;;;
6;form;L1;22;1;17;;;;;;;;;;;;;;;;;;;;
6;form;L1;23;1;3;;;;;;;;;;;;;;;;;;;;
6;form;L1;24;1;19;;;;;;;;;;;;;;;;;;;;
6;kategori;L1;1;1;19;;;;;;;;;;;;;;;;;;;;
6;kategori;L1;2;1;1;;;;;;;;;;;;;;;;;;;;
6;kategori;L1;3;1;8;;;;;;;;;;;;;;;;;;;;
6;kategori;L1;4;1;12;;;;;;;;;;;;;;;;;;;;
6;kategori;L1;5;1;21;;;;;;;;;;;;;;;;;;;;
6;kategori;L1;6;1;9;;;;;;;;;;;;;;;;;;;;
6;kategori;L1;7;1;3;;;;;;;;;;;;;;;;;;;;
6;kategori;L1;8;1;15;;;;;;;;;;;;;;;;;;;;
6;kategori;L1;9;1;20;;;;;;;;;;;;;;;;;;;;
6;kategori;L1;10;1;0;;;;;;;;;;;;;;;;;;;;
6;kategori;L1;11;1;17;;;;;;;;;;;;;;;;;;;;
6;kategori;L1;12;1;22;;;;;;;;;;;;;;;;;;;;
6;kategori;L1;13;1;18;;;;;;;;;;;;;;;;;;;;
6;kategori;L1;14;1;14;;;;;;;;;;;;;;;;;;;;
6;kategori;L1;15;1;6;;;;;;;;;;;;;;;;;;;;
6;kategori;L1;16;1;4;;;;;;;;;;;;;;;;;;;;
6;kategori;L1;17;1;11;;;;;;;;;;;;;;;;;;;;
6;kategori;L1;18;1;23;;;;;;;;;;;;;;;;;;;;
6;kategori;L1;19;1;2;;;;;;;;;;;;;;;;;;;;
6;kategori;L1;20;1;7;;;;;;;;;;;;;;;;;;;;
6;kategori;L1;21;0;13;;;;;;;;;;;;;;;;;;;;
6;kategori;L1;22;1;10;;;;;;;;;;;;;;;;;;;;
6;kategori;L1;23;1;5;;;;;;;;;;;;;;;;;;;;
6;kategori;L1;24;1;16;;;;;;;;;;;;;;;;;;;;
6;form;L2;1;1;12;;;;;;;;;;;;;;;;;;;;
6;form;L2;2;0;7;;;;;;;;;;;;;;;;;;;;
6;form;L2;3;1;19;;;;;;;;;;;;;;;;;;;;
6;form;L2;4;1;8;;;;;;;;;;;;;;;;;;;;
6;form;L2;5;1;5;;;;;;;;;;;;;;;;;;;;
6;form;L2;6;1;4;;;;;;;;;;;;;;;;;;;;
6;form;L2;7;1;3;;;;;;;;;;;;;;;;;;;;
6;form;L2;8;1;17;;;;;;;;;;;;;;;;;;;;
6;form;L2;9;1;21;;;;;;;;;;;;;;;;;;;;
6;form;L2;10;1;9;;;;;;;;;;;;;;;;;;;;
6;form;L2;11;1;6;;;;;;;;;;;;;;;;;;;;
6;form;L2;12;1;18;;;;;;;;;;;;;;;;;;;;
6;form;L2;13;1;23;;;;;;;;;;;;;;;;;;;;
6;form;L2;14;1;0;;;;;;;;;;;;;;;;;;;;
6;form;L2;15;1;14;;;;;;;;;;;;;;;;;;;;
6;form;L2;16;1;20;;;;;;;;;;;;;;;;;;;;
6;form;L2;17;1;22;;;;;;;;;;;;;;;;;;;;
6;form;L2;18;1;13;;;;;;;;;;;;;;;;;;;;
6;form;L2;19;1;15;;;;;;;;;;;;;;;;;;;;
6;form;L2;20;1;11;;;;;;;;;;;;;;;;;;;;
6;form;L2;21;1;10;;;;;;;;;;;;;;;;;;;;
6;form;L2;22;1;1;;;;;;;;;;;;;;;;;;;;
6;form;L2;23;0;16;;;;;;;;;;;;;;;;;;;;
6;form;L2;24;1;2;;;;;;;;;;;;;;;;;;;;
6;kategori;L2;1;1;1;;;;;;;;;;;;;;;;;;;;
6;kategori;L2;2;1;16;;;;;;;;;;;;;;;;;;;;
6;kategori;L2;3;1;13;;;;;;;;;;;;;;;;;;;;
6;kategori;L2;4;1;10;;;;;;;;;;;;;;;;;;;;
6;kategori;L2;5;1;2;;;;;;;;;;;;;;;;;;;;
6;kategori;L2;6;1;19;;;;;;;;;;;;;;;;;;;;
6;kategori;L2;7;1;15;;;;;;;;;;;;;;;;;;;;
6;kategori;L2;8;1;3;;;;;;;;;;;;;;;;;;;;
6;kategori;L2;9;1;4;;;;;;;;;;;;;;;;;;;;
6;kategori;L2;10;1;0;;;;;;;;;;;;;;;;;;;;
6;kategori;L2;11;1;20;;;;;;;;;;;;;;;;;;;;
6;kategori;L2;12;1;14;;;;;;;;;;;;;;;;;;;;
6;kategori;L2;13;1;23;;;;;;;;;;;;;;;;;;;;
6;kategori;L2;14;1;8;;;;;;;;;;;;;;;;;;;;
6;kategori;L2;15;1;22;;;;;;;;;;;;;;;;;;;;
6;kategori;L2;16;1;5;;;;;;;;;;;;;;;;;;;;
6;kategori;L2;17;1;17;;;;;;;;;;;;;;;;;;;;
6;kategori;L2;18;1;12;;;;;;;;;;;;;;;;;;;;
6;kategori;L2;19;1;11;;;;;;;;;;;;;;;;;;;;
6;kategori;L2;20;1;7;;;;;;;;;;;;;;;;;;;;
6;kategori;L2;21;1;9;;;;;;;;;;;;;;;;;;;;
6;kategori;L2;22;1;18;;;;;;;;;;;;;;;;;;;;
6;kategori;L2;23;1;6;;;;;;;;;;;;;;;;;;;;
6;kategori;L2;24;1;21;;;;;;;;;;;;;;;;;;;;
7;form;L1;1;1;2;item kategori;;;;;;;;;;;;;;;;;;;
7;form;L1;2;1;15;item kategori;;;;;;;;;;;;;;;;;;;
7;form;L1;3;1;12;item kategori;;;;;;;;;;;;;;;;;;;
7;form;L1;4;1;7;item kategori;;;;;;;;;;;;;;;;;;;
7;form;L1;5;1;10;item kategori;;;;;;;;;;;;;;;;;;;
7;form;L1;6;1;21;item kategori;;;;;;;;;;;;;;;;;;;
7;form;L1;7;1;20;item kategori;;;;;;;;;;;;;;;;;;;
7;form;L1;8;1;18;item kategori;;;;;;;;;;;;;;;;;;;
7;form;L1;9;1;16;item kategori;;;;;;;;;;;;;;;;;;;
7;form;L1;10;1;5;item kategori;;;;;;;;;;;;;;;;;;;
7;form;L1;11;1;11;item kategori;;;;;;;;;;;;;;;;;;;
7;form;L1;12;1;14;item kategori;;;;;;;;;;;;;;;;;;;
7;form;L1;13;1;23;item kategori;;;;;;;;;;;;;;;;;;;
7;form;L1;14;1;1;item kategori;;;;;;;;;;;;;;;;;;;
7;form;L1;15;1;0;item kategori;;;;;;;;;;;;;;;;;;;
7;form;L1;16;1;17;item kategori;;;;;;;;;;;;;;;;;;;
7;form;L1;17;1;4;item kategori;;;;;;;;;;;;;;;;;;;
7;form;L1;18;1;9;item kategori;;;;;;;;;;;;;;;;;;;
7;form;L1;19;1;13;item kategori;;;;;;;;;;;;;;;;;;;
7;form;L1;20;1;8;item kategori;;;;;;;;;;;;;;;;;;;
7;form;L1;21;1;19;item kategori;;;;;;;;;;;;;;;;;;;
7;form;L1;22;1;6;item kategori;;;;;;;;;;;;;;;;;;;
7;form;L1;23;1;3;item kategori;;;;;;;;;;;;;;;;;;;
7;form;L1;24;1;22;item kategori;;;;;;;;;;;;;;;;;;;
7;kategori;L1;1;1;13;item form;;;;;;;;;;;;;;;;;;;
7;kategori;L1;2;1;6;item form;;;;;;;;;;;;;;;;;;;
7;kategori;L1;3;1;16;item form;;;;;;;;;;;;;;;;;;;
7;kategori;L1;4;1;23;item form;;;;;;;;;;;;;;;;;;;
7;kategori;L1;5;1;18;item form;;;;;;;;;;;;;;;;;;;
7;kategori;L1;6;1;2;item form;;;;;;;;;;;;;;;;;;;
7;kategori;L1;7;1;10;item form;;;;;;;;;;;;;;;;;;;
7;kategori;L1;8;1;5;item form;;;;;;;;;;;;;;;;;;;
7;kategori;L1;9;1;20;item form;;;;;;;;;;;;;;;;;;;
7;kategori;L1;10;1;4;item form;;;;;;;;;;;;;;;;;;;
7;kategori;L1;11;1;1;item form;;;;;;;;;;;;;;;;;;;
7;kategori;L1;12;1;8;item form;;;;;;;;;;;;;;;;;;;
7;kategori;L1;13;1;0;item form;;;;;;;;;;;;;;;;;;;
7;kategori;L1;14;1;17;item form;;;;;;;;;;;;;;;;;;;
7;kategori;L1;15;1;11;item form;;;;;;;;;;;;;;;;;;;
7;kategori;L1;16;1;7;item form;;;;;;;;;;;;;;;;;;;
7;kategori;L1;17;1;9;item form;;;;;;;;;;;;;;;;;;;
7;kategori;L1;18;1;12;item form;;;;;;;;;;;;;;;;;;;
7;kategori;L1;19;1;3;item form;;;;;;;;;;;;;;;;;;;
7;kategori;L1;20;1;22;item form;;;;;;;;;;;;;;;;;;;
7;kategori;L1;21;1;19;item form;;;;;;;;;;;;;;;;;;;
7;kategori;L1;22;1;14;item form;;;;;;;;;;;;;;;;;;;
7;kategori;L1;23;1;15;item form;;;;;;;;;;;;;;;;;;;
7;kategori;L1;24;1;21;item form;;;;;;;;;;;;;;;;;;;
7;form;L2;1;0;7;;;;;;;;;;;;;;;;;;;;
7;form;L2;2;1;3;;;;;;;;;;;;;;;;;;;;
7;form;L2;3;1;22;;;;;;;;;;;;;;;;;;;;
7;form;L2;4;1;11;;;;;;;;;;;;;;;;;;;;
7;form;L2;5;1;5;;;;;;;;;;;;;;;;;;;;
7;form;L2;6;1;10;;;;;;;;;;;;;;;;;;;;
7;form;L2;7;1;21;;;;;;;;;;;;;;;;;;;;
7;form;L2;8;1;12;;;;;;;;;;;;;;;;;;;;
7;form;L2;9;0;15;;;;;;;;;;;;;;;;;;;;
7;form;L2;10;1;9;;;;;;;;;;;;;;;;;;;;
7;form;L2;11;1;6;;;;;;;;;;;;;;;;;;;;
7;form;L2;12;1;2;;;;;;;;;;;;;;;;;;;;
7;form;L2;13;1;20;;;;;;;;;;;;;;;;;;;;
7;form;L2;14;1;19;;;;;;;;;;;;;;;;;;;;
7;form;L2;15;1;16;;;;;;;;;;;;;;;;;;;;
7;form;L2;16;1;18;;;;;;;;;;;;;;;;;;;;
7;form;L2;17;1;17;;;;;;;;;;;;;;;;;;;;
7;form;L2;18;1;1;;;;;;;;;;;;;;;;;;;;
7;form;L2;19;1;8;;;;;;;;;;;;;;;;;;;;
7;form;L2;20;1;0;;;;;;;;;;;;;;;;;;;;
7;form;L2;21;1;23;;;;;;;;;;;;;;;;;;;;
7;form;L2;22;1;13;;;;;;;;;;;;;;;;;;;;
7;form;L2;23;1;14;;;;;;;;;;;;;;;;;;;;
7;form;L2;24;1;4;;;;;;;;;;;;;;;;;;;;
7;kategori;L2;1;1;13;;;;;;;;;;;;;;;;;;;;
7;kategori;L2;2;1;19;;;;;;;;;;;;;;;;;;;;
7;kategori;L2;3;1;0;;;;;;;;;;;;;;;;;;;;
7;kategori;L2;4;1;10;;;;;;;;;;;;;;;;;;;;
7;kategori;L2;5;1;22;;;;;;;;;;;;;;;;;;;;
7;kategori;L2;6;1;8;;;;;;;;;;;;;;;;;;;;
7;kategori;L2;7;1;17;;;;;;;;;;;;;;;;;;;;
7;kategori;L2;8;1;21;;;;;;;;;;;;;;;;;;;;
7;kategori;L2;9;1;5;;;;;;;;;;;;;;;;;;;;
7;kategori;L2;10;1;12;;;;;;;;;;;;;;;;;;;;
7;kategori;L2;11;1;20;;;;;;;;;;;;;;;;;;;;
7;kategori;L2;12;1;16;;;;;;;;;;;;;;;;;;;;
7;kategori;L2;13;1;3;;;;;;;;;;;;;;;;;;;;
7;kategori;L2;14;1;7;;;;;;;;;;;;;;;;;;;;
7;kategori;L2;15;1;15;;;;;;;;;;;;;;;;;;;;
7;kategori;L2;16;1;4;;;;;;;;;;;;;;;;;;;;
7;kategori;L2;17;1;18;;;;;;;;;;;;;;;;;;;;
7;kategori;L2;18;1;1;;;;;;;;;;;;;;;;;;;;
7;kategori;L2;19;1;11;;;;;;;;;;;;;;;;;;;;
7;kategori;L2;20;1;6;;;;;;;;;;;;;;;;;;;;
7;kategori;L2;21;1;23;;;;;;;;;;;;;;;;;;;;
7;kategori;L2;22;1;14;;;;;;;;;;;;;;;;;;;;
7;kategori;L2;23;1;9;;;;;;;;;;;;;;;;;;;;
7;kategori;L2;24;1;2;;;;;;;;;;;;;;;;;;;;
8;form;L1;1;1;19;;;;;;;;;;;;;;;;;;;;
8;form;L1;2;1;10;;;;;;;;;;;;;;;;;;;;
8;form;L1;3;1;8;;;;;;;;;;;;;;;;;;;;
8;form;L1;4;1;6;;;;;;;;;;;;;;;;;;;;
8;form;L1;5;1;7;;;;;;;;;;;;;;;;;;;;
8;form;L1;6;1;20;;;;;;;;;;;;;;;;;;;;
8;form;L1;7;1;18;;;;;;;;;;;;;;;;;;;;
8;form;L1;8;1;3;;;;;;;;;;;;;;;;;;;;
8;form;L1;9;0;14;;;;;;;;;;;;;;;;;;;;
8;form;L1;10;1;12;;;;;;;;;;;;;;;;;;;;
8;form;L1;11;1;0;;;;;;;;;;;;;;;;;;;;
8;form;L1;12;1;23;;;;;;;;;;;;;;;;;;;;
8;form;L1;13;1;11;;;;;;;;;;;;;;;;;;;;
8;form;L1;14;1;16;;;;;;;;;;;;;;;;;;;;
8;form;L1;15;1;5;;;;;;;;;;;;;;;;;;;;
8;form;L1;16;1;2;;;;;;;;;;;;;;;;;;;;
8;form;L1;17;1;21;;;;;;;;;;;;;;;;;;;;
8;form;L1;18;1;4;;;;;;;;;;;;;;;;;;;;
8;form;L1;19;1;22;;;;;;;;;;;;;;;;;;;;
8;form;L1;20;1;1;;;;;;;;;;;;;;;;;;;;
8;form;L1;21;1;9;;;;;;;;;;;;;;;;;;;;
8;form;L1;22;1;15;;;;;;;;;;;;;;;;;;;;
8;form;L1;23;0;13;;;;;;;;;;;;;;;;;;;;
8;form;L1;24;1;17;;;;;;;;;;;;;;;;;;;;
8;kategori;L1;1;1;10;;;;;;;;;;;;;;;;;;;;
8;kategori;L1;2;1;4;;;;;;;;;;;;;;;;;;;;
8;kategori;L1;3;1;9;;;;;;;;;;;;;;;;;;;;
8;kategori;L1;4;1;23;;;;;;;;;;;;;;;;;;;;
8;kategori;L1;5;1;5;;;;;;;;;;;;;;;;;;;;
8;kategori;L1;6;1;16;;;;;;;;;;;;;;;;;;;;
8;kategori;L1;7;1;17;;;;;;;;;;;;;;;;;;;;
8;kategori;L1;8;1;6;;;;;;;;;;;;;;;;;;;;
8;kategori;L1;9;1;14;;;;;;;;;;;;;;;;;;;;
8;kategori;L1;10;1;15;;;;;;;;;;;;;;;;;;;;
8;kategori;L1;11;1;2;;;;;;;;;;;;;;;;;;;;
8;kategori;L1;12;1;21;;;;;;;;;;;;;;;;;;;;
8;kategori;L1;13;1;11;;;;;;;;;;;;;;;;;;;;
8;kategori;L1;14;1;19;;;;;;;;;;;;;;;;;;;;
8;kategori;L1;15;1;3;;;;;;;;;;;;;;;;;;;;
8;kategori;L1;16;1;0;;;;;;;;;;;;;;;;;;;;
8;kategori;L1;17;1;1;;;;;;;;;;;;;;;;;;;;
8;kategori;L1;18;1;20;;;;;;;;;;;;;;;;;;;;
8;kategori;L1;19;1;12;;;;;;;;;;;;;;;;;;;;
8;kategori;L1;20;1;18;;;;;;;;;;;;;;;;;;;;
8;kategori;L1;21;1;22;;;;;;;;;;;;;;;;;;;;
8;kategori;L1;22;1;7;;;;;;;;;;;;;;;;;;;;
8;kategori;L1;23;1;13;;;;;;;;;;;;;;;;;;;;
8;kategori;L1;24;1;8;;;;;;;;;;;;;;;;;;;;
8;form;L2;1;1;17;;;;;;;;;;;;;;;;;;;;
8;form;L2;2;1;13;;;;;;;;;;;;;;;;;;;;
8;form;L2;3;1;6;;;;;;;;;;;;;;;;;;;;
8;form;L2;4;1;5;;;;;;;;;;;;;;;;;;;;
8;form;L2;5;1;2;;;;;;;;;;;;;;;;;;;;
8;form;L2;6;1;15;;;;;;;;;;;;;;;;;;;;
8;form;L2;7;1;19;;;;;;;;;;;;;;;;;;;;
8;form;L2;8;1;18;;;;;;;;;;;;;;;;;;;;
8;form;L2;9;1;7;;;;;;;;;;;;;;;;;;;;
8;form;L2;10;1;8;;;;;;;;;;;;;;;;;;;;
8;form;L2;11;1;16;;;;;;;;;;;;;;;;;;;;
8;form;L2;12;1;0;;;;;;;;;;;;;;;;;;;;
8;form;L2;13;1;20;;;;;;;;;;;;;;;;;;;;
8;form;L2;14;1;23;;;;;;;;;;;;;;;;;;;;
8;form;L2;15;1;11;;;;;;;;;;;;;;;;;;;;
8;form;L2;16;1;1;;;;;;;;;;;;;;;;;;;;
8;form;L2;17;1;3;;;;;;;;;;;;;;;;;;;;
8;form;L2;18;1;12;;;;;;;;;;;;;;;;;;;;
8;form;L2;19;1;22;;;;;;;;;;;;;;;;;;;;
8;form;L2;20;1;10;;;;;;;;;;;;;;;;;;;;
8;form;L2;21;0;14;;;;;;;;;;;;;;;;;;;;
8;form;L2;22;1;21;;;;;;;;;;;;;;;;;;;;
8;form;L2;23;1;4;;;;;;;;;;;;;;;;;;;;
8;form;L2;24;1;9;;;;;;;;;;;;;;;;;;;;
8;kategori;L2;1;1;4;;;;;;;;;;;;;;;;;;;;
8;kategori;L2;2;1;9;;;;;;;;;;;;;;;;;;;;
8;kategori;L2;3;1;20;;;;;;;;;;;;;;;;;;;;
8;kategori;L2;4;1;21;;;;;;;;;;;;;;;;;;;;
8;kategori;L2;5;1;22;;;;;;;;;;;;;;;;;;;;
8;kategori;L2;6;1;7;;;;;;;;;;;;;;;;;;;;
8;kategori;L2;7;1;12;;;;;;;;;;;;;;;;;;;;
8;kategori;L2;8;1;6;;;;;;;;;;;;;;;;;;;;
8;kategori;L2;9;1;13;;;;;;;;;;;;;;;;;;;;
8;kategori;L2;10;1;10;;;;;;;;;;;;;;;;;;;;
8;kategori;L2;11;1;2;;;;;;;;;;;;;;;;;;;;
8;kategori;L2;12;1;16;;;;;;;;;;;;;;;;;;;;
8;kategori;L2;13;1;0;;;;;;;;;;;;;;;;;;;;
8;kategori;L2;14;1;17;;;;;;;;;;;;;;;;;;;;
8;kategori;L2;15;1;15;;;;;;;;;;;;;;;;;;;;
8;kategori;L2;16;1;8;;;;;;;;;;;;;;;;;;;;
8;kategori;L2;17;1;3;;;;;;;;;;;;;;;;;;;;
8;kategori;L2;18;1;1;;;;;;;;;;;;;;;;;;;;
8;kategori;L2;19;1;5;;;;;;;;;;;;;;;;;;;;
8;kategori;L2;20;1;18;;;;;;;;;;;;;;;;;;;;
8;kategori;L2;21;1;23;;;;;;;;;;;;;;;;;;;;
8;kategori;L2;22;1;14;;;;;;;;;;;;;;;;;;;;
8;kategori;L2;23;1;19;;;;;;;;;;;;;;;;;;;;
8;kategori;L2;24;1;11;;;;;;;;;;;;;;;;;;;;
9;form;L1;1;1;15;;;;;;;;;;;;;;;;;;;;
9;form;L1;2;1;12;;;;;;;;;;;;;;;;;;;;
9;form;L1;3;1;2;;;;;;;;;;;;;;;;;;;;
9;form;L1;4;1;4;;;;;;;;;;;;;;;;;;;;
9;form;L1;5;1;10;;;;;;;;;;;;;;;;;;;;
9;form;L1;6;1;22;;;;;;;;;;;;;;;;;;;;
9;form;L1;7;1;23;;;;;;;;;;;;;;;;;;;;
9;form;L1;8;1;1;;;;;;;;;;;;;;;;;;;;
9;form;L1;9;1;0;;;;;;;;;;;;;;;;;;;;
9;form;L1;10;1;3;;;;;;;;;;;;;;;;;;;;
9;form;L1;11;0;7;;;;;;;;;;;;;;;;;;;;
9;form;L1;12;1;17;;;;;;;;;;;;;;;;;;;;
9;form;L1;13;1;5;;;;;;;;;;;;;;;;;;;;
9;form;L1;14;1;6;;;;;;;;;;;;;;;;;;;;
9;form;L1;15;1;19;;;;;;;;;;;;;;;;;;;;
9;form;L1;16;1;13;;;;;;;;;;;;;;;;;;;;
9;form;L1;17;1;8;;;;;;;;;;;;;;;;;;;;
9;form;L1;18;1;9;;;;;;;;;;;;;;;;;;;;
9;form;L1;19;1;18;;;;;;;;;;;;;;;;;;;;
9;form;L1;20;1;20;;;;;;;;;;;;;;;;;;;;
9;form;L1;21;1;21;;;;;;;;;;;;;;;;;;;;
9;form;L1;22;1;16;;;;;;;;;;;;;;;;;;;;
9;form;L1;23;1;14;;;;;;;;;;;;;;;;;;;;
9;form;L1;24;1;11;;;;;;;;;;;;;;;;;;;;
9;kategori;L1;1;1;19;;;;;;;;;;;;;;;;;;;;
9;kategori;L1;2;1;3;;;;;;;;;;;;;;;;;;;;
9;kategori;L1;3;1;2;;;;;;;;;;;;;;;;;;;;
9;kategori;L1;4;1;4;;;;;;;;;;;;;;;;;;;;
9;kategori;L1;5;1;20;;;;;;;;;;;;;;;;;;;;
9;kategori;L1;6;1;18;;;;;;;;;;;;;;;;;;;;
9;kategori;L1;7;1;10;;;;;;;;;;;;;;;;;;;;
9;kategori;L1;8;1;21;;;;;;;;;;;;;;;;;;;;
9;kategori;L1;9;1;14;;;;;;;;;;;;;;;;;;;;
9;kategori;L1;10;1;1;;;;;;;;;;;;;;;;;;;;
9;kategori;L1;11;1;9;;;;;;;;;;;;;;;;;;;;
9;kategori;L1;12;1;15;;;;;;;;;;;;;;;;;;;;
9;kategori;L1;13;1;8;;;;;;;;;;;;;;;;;;;;
9;kategori;L1;14;1;6;;;;;;;;;;;;;;;;;;;;
9;kategori;L1;15;1;23;;;;;;;;;;;;;;;;;;;;
9;kategori;L1;16;1;17;;;;;;;;;;;;;;;;;;;;
9;kategori;L1;17;1;13;;;;;;;;;;;;;;;;;;;;
9;kategori;L1;18;1;12;;;;;;;;;;;;;;;;;;;;
9;kategori;L1;19;1;0;;;;;;;;;;;;;;;;;;;;
9;kategori;L1;20;1;11;;;;;;;;;;;;;;;;;;;;
9;kategori;L1;21;1;16;;;;;;;;;;;;;;;;;;;;
9;kategori;L1;22;1;22;;;;;;;;;;;;;;;;;;;;
9;kategori;L1;23;1;5;;;;;;;;;;;;;;;;;;;;
9;kategori;L1;24;1;7;;;;;;;;;;;;;;;;;;;;
9;form;L2;1;1;5;;;;;;;;;;;;;;;;;;;;
9;form;L2;2;1;6;;;;;;;;;;;;;;;;;;;;
9;form;L2;3;1;23;;;;;;;;;;;;;;;;;;;;
9;form;L2;4;1;8;;;;;;;;;;;;;;;;;;;;
9;form;L2;5;1;4;;;;;;;;;;;;;;;;;;;;
9;form;L2;6;1;17;;;;;;;;;;;;;;;;;;;;
9;form;L2;7;1;21;;;;;;;;;;;;;;;;;;;;
9;form;L2;8;1;14;;;;;;;;;;;;;;;;;;;;
9;form;L2;9;0;16;;;;;;;;;;;;;;;;;;;;
9;form;L2;10;1;11;;;;;;;;;;;;;;;;;;;;
9;form;L2;11;1;20;;;;;;;;;;;;;;;;;;;;
9;form;L2;12;1;15;;;;;;;;;;;;;;;;;;;;
9;form;L2;13;1;0;;;;;;;;;;;;;;;;;;;;
9;form;L2;14;1;9;;;;;;;;;;;;;;;;;;;;
9;form;L2;15;0;7;;;;;;;;;;;;;;;;;;;;
9;form;L2;16;1;1;;;;;;;;;;;;;;;;;;;;
9;form;L2;17;1;2;;;;;;;;;;;;;;;;;;;;
9;form;L2;18;1;19;;;;;;;;;;;;;;;;;;;;
9;form;L2;19;1;10;;;;;;;;;;;;;;;;;;;;
9;form;L2;20;1;22;;;;;;;;;;;;;;;;;;;;
9;form;L2;21;1;18;;;;;;;;;;;;;;;;;;;;
9;form;L2;22;1;3;;;;;;;;;;;;;;;;;;;;
9;form;L2;23;1;13;;;;;;;;;;;;;;;;;;;;
9;form;L2;24;0;12;;;;;;;;;;;;;;;;;;;;
9;kategori;L2;1;1;20;;;;;;;;;;;;;;;;;;;;
9;kategori;L2;2;1;13;;;;;;;;;;;;;;;;;;;;
9;kategori;L2;3;1;1;;;;;;;;;;;;;;;;;;;;
9;kategori;L2;4;1;12;;;;;;;;;;;;;;;;;;;;
9;kategori;L2;5;1;17;;;;;;;;;;;;;;;;;;;;
9;kategori;L2;6;1;10;;;;;;;;;;;;;;;;;;;;
9;kategori;L2;7;1;15;;;;;;;;;;;;;;;;;;;;
9;kategori;L2;8;1;7;;;;;;;;;;;;;;;;;;;;
9;kategori;L2;9;1;4;;;;;;;;;;;;;;;;;;;;
9;kategori;L2;10;1;2;;;;;;;;;;;;;;;;;;;;
9;kategori;L2;11;1;11;;;;;;;;;;;;;;;;;;;;
9;kategori;L2;12;1;16;;;;;;;;;;;;;;;;;;;;
9;kategori;L2;13;1;21;;;;;;;;;;;;;;;;;;;;
9;kategori;L2;14;1;19;;;;;;;;;;;;;;;;;;;;
9;kategori;L2;15;1;9;;;;;;;;;;;;;;;;;;;;
9;kategori;L2;16;1;8;;;;;;;;;;;;;;;;;;;;
9;kategori;L2;17;1;0;;;;;;;;;;;;;;;;;;;;
9;kategori;L2;18;1;5;;;;;;;;;;;;;;;;;;;;
9;kategori;L2;19;1;3;;;;;;;;;;;;;;;;;;;;
9;kategori;L2;20;1;6;;;;;;;;;;;;;;;;;;;;
9;kategori;L2;21;1;22;;;;;;;;;;;;;;;;;;;;
9;kategori;L2;22;1;23;;;;;;;;;;;;;;;;;;;;
9;kategori;L2;23;1;18;;;;;;;;;;;;;;;;;;;;
9;kategori;L2;24;1;14;;;;;;;;;;;;;;;;;;;;
10;form;L1;1;1;0;;;;;;;;;;;;;;;;;;;;
10;form;L1;2;1;17;;;;;;;;;;;;;;;;;;;;
10;form;L1;3;1;19;;;;;;;;;;;;;;;;;;;;
10;form;L1;4;1;1;;;;;;;;;;;;;;;;;;;;
10;form;L1;5;1;15;;;;;;;;;;;;;;;;;;;;
10;form;L1;6;1;22;;;;;;;;;;;;;;;;;;;;
10;form;L1;7;1;7;;;;;;;;;;;;;;;;;;;;
10;form;L1;8;1;3;;;;;;;;;;;;;;;;;;;;
10;form;L1;9;1;5;;;;;;;;;;;;;;;;;;;;
10;form;L1;10;1;20;;;;;;;;;;;;;;;;;;;;
10;form;L1;11;1;4;;;;;;;;;;;;;;;;;;;;
10;form;L1;12;1;10;;;;;;;;;;;;;;;;;;;;
10;form;L1;13;1;21;;;;;;;;;;;;;;;;;;;;
10;form;L1;14;1;13;;;;;;;;;;;;;;;;;;;;
10;form;L1;15;1;8;;;;;;;;;;;;;;;;;;;;
10;form;L1;16;1;12;;;;;;;;;;;;;;;;;;;;
10;form;L1;17;1;2;;;;;;;;;;;;;;;;;;;;
10;form;L1;18;1;6;;;;;;;;;;;;;;;;;;;;
10;form;L1;19;1;23;;;;;;;;;;;;;;;;;;;;
10;form;L1;20;1;9;;;;;;;;;;;;;;;;;;;;
10;form;L1;21;1;14;;;;;;;;;;;;;;;;;;;;
10;form;L1;22;1;11;;;;;;;;;;;;;;;;;;;;
10;form;L1;23;1;18;;;;;;;;;;;;;;;;;;;;
10;form;L1;24;1;16;;;;;;;;;;;;;;;;;;;;
10;kategori;L1;1;1;7;;;;;;;;;;;;;;;;;;;;
10;kategori;L1;2;1;18;;;;;;;;;;;;;;;;;;;;
10;kategori;L1;3;1;0;;;;;;;;;;;;;;;;;;;;
10;kategori;L1;4;1;23;;;;;;;;;;;;;;;;;;;;
10;kategori;L1;5;1;15;;;;;;;;;;;;;;;;;;;;
10;kategori;L1;6;1;9;;;;;;;;;;;;;;;;;;;;
10;kategori;L1;7;1;11;;;;;;;;;;;;;;;;;;;;
10;kategori;L1;8;1;12;;;;;;;;;;;;;;;;;;;;
10;kategori;L1;9;1;16;;;;;;;;;;;;;;;;;;;;
10;kategori;L1;10;1;4;;;;;;;;;;;;;;;;;;;;
10;kategori;L1;11;1;8;;;;;;;;;;;;;;;;;;;;
10;kategori;L1;12;1;6;;;;;;;;;;;;;;;;;;;;
10;kategori;L1;13;1;3;;;;;;;;;;;;;;;;;;;;
10;kategori;L1;14;1;10;;;;;;;;;;;;;;;;;;;;
10;kategori;L1;15;1;13;;;;;;;;;;;;;;;;;;;;
10;kategori;L1;16;1;14;;;;;;;;;;;;;;;;;;;;
10;kategori;L1;17;1;17;;;;;;;;;;;;;;;;;;;;
10;kategori;L1;18;1;19;;;;;;;;;;;;;;;;;;;;
10;kategori;L1;19;1;20;;;;;;;;;;;;;;;;;;;;
10;kategori;L1;20;1;22;;;;;;;;;;;;;;;;;;;;
10;kategori;L1;21;1;1;;;;;;;;;;;;;;;;;;;;
10;kategori;L1;22;1;5;;;;;;;;;;;;;;;;;;;;
10;kategori;L1;23;1;2;;;;;;;;;;;;;;;;;;;;
10;kategori;L1;24;1;21;;;;;;;;;;;;;;;;;;;;
10;form;L2;1;1;13;;;;;;;;;;;;;;;;;;;;
10;form;L2;2;1;10;;;;;;;;;;;;;;;;;;;;
10;form;L2;3;1;11;;;;;;;;;;;;;;;;;;;;
10;form;L2;4;0;15;;;;;;;;;;;;;;;;;;;;
10;form;L2;5;1;0;;;;;;;;;;;;;;;;;;;;
10;form;L2;6;1;23;;;;;;;;;;;;;;;;;;;;
10;form;L2;7;1;17;;;;;;;;;;;;;;;;;;;;
10;form;L2;8;1;12;;;;;;;;;;;;;;;;;;;;
10;form;L2;9;1;3;;;;;;;;;;;;;;;;;;;;
10;form;L2;10;1;6;;;;;;;;;;;;;;;;;;;;
10;form;L2;11;1;1;;;;;;;;;;;;;;;;;;;;
10;form;L2;12;1;21;;;;;;;;;;;;;;;;;;;;
10;form;L2;13;1;22;;;;;;;;;;;;;;;;;;;;
10;form;L2;14;1;7;;;;;;;;;;;;;;;;;;;;
10;form;L2;15;1;2;;;;;;;;;;;;;;;;;;;;
10;form;L2;16;1;14;;;;;;;;;;;;;;;;;;;;
10;form;L2;17;1;4;;;;;;;;;;;;;;;;;;;;
10;form;L2;18;1;8;;;;;;;;;;;;;;;;;;;;
10;form;L2;19;1;5;;;;;;;;;;;;;;;;;;;;
10;form;L2;20;1;20;;;;;;;;;;;;;;;;;;;;
10;form;L2;21;1;9;;;;;;;;;;;;;;;;;;;;
10;form;L2;22;1;18;;;;;;;;;;;;;;;;;;;;
10;form;L2;23;1;16;;;;;;;;;;;;;;;;;;;;
10;form;L2;24;1;19;;;;;;;;;;;;;;;;;;;;
10;kategori;L2;1;1;18;;;;;;;;;;;;;;;;;;;;
10;kategori;L2;2;0;4;;;;;;;;;;;;;;;;;;;;
10;kategori;L2;3;1;16;;;;;;;;;;;;;;;;;;;;
10;kategori;L2;4;1;6;;;;;;;;;;;;;;;;;;;;
10;kategori;L2;5;1;14;;;;;;;;;;;;;;;;;;;;
10;kategori;L2;6;1;22;;;;;;;;;;;;;;;;;;;;
10;kategori;L2;7;1;12;;;;;;;;;;;;;;;;;;;;
10;kategori;L2;8;1;5;;;;;;;;;;;;;;;;;;;;
10;kategori;L2;9;1;1;;;;;;;;;;;;;;;;;;;;
10;kategori;L2;10;1;17;;;;;;;;;;;;;;;;;;;;
10;kategori;L2;11;1;21;;;;;;;;;;;;;;;;;;;;
10;kategori;L2;12;1;7;;;;;;;;;;;;;;;;;;;;
10;kategori;L2;13;1;11;;;;;;;;;;;;;;;;;;;;
10;kategori;L2;14;1;10;;;;;;;;;;;;;;;;;;;;
10;kategori;L2;15;1;2;;;;;;;;;;;;;;;;;;;;
10;kategori;L2;16;1;20;;;;;;;;;;;;;;;;;;;;
10;kategori;L2;17;1;19;;;;;;;;;;;;;;;;;;;;
10;kategori;L2;18;1;13;;;;;;;;;;;;;;;;;;;;
10;kategori;L2;19;1;23;;;;;;;;;;;;;;;;;;;;
10;kategori;L2;20;1;0;;;;;;;;;;;;;;;;;;;;
10;kategori;L2;21;1;9;;;;;;;;;;;;;;;;;;;;
10;kategori;L2;22;1;15;;;;;;;;;;;;;;;;;;;;
10;kategori;L2;23;1;8;;;;;;;;;;;;;;;;;;;;
10;kategori;L2;24;1;3;;;;;;;;;;;;;;;;;;;;
11;form;L1;1;1;6;;;;;;;;;;;;;;;;;;;;
11;form;L1;2;1;2;;;;;;;;;;;;;;;;;;;;
11;form;L1;3;1;5;;;;;;;;;;;;;;;;;;;;
11;form;L1;4;1;0;;;;;;;;;;;;;;;;;;;;
11;form;L1;5;1;17;;;;;;;;;;;;;;;;;;;;
11;form;L1;6;1;18;;;;;;;;;;;;;;;;;;;;
11;form;L1;7;1;20;;;;;;;;;;;;;;;;;;;;
11;form;L1;8;1;23;;;;;;;;;;;;;;;;;;;;
11;form;L1;9;1;10;;;;;;;;;;;;;;;;;;;;
11;form;L1;10;1;19;;;;;;;;;;;;;;;;;;;;
11;form;L1;11;1;16;;;;;;;;;;;;;;;;;;;;
11;form;L1;12;1;12;;;;;;;;;;;;;;;;;;;;
11;form;L1;13;1;4;;;;;;;;;;;;;;;;;;;;
11;form;L1;14;1;21;;;;;;;;;;;;;;;;;;;;
11;form;L1;15;1;1;;;;;;;;;;;;;;;;;;;;
11;form;L1;16;1;7;;;;;;;;;;;;;;;;;;;;
11;form;L1;17;1;15;;;;;;;;;;;;;;;;;;;;
11;form;L1;18;1;22;;;;;;;;;;;;;;;;;;;;
11;form;L1;19;1;14;;;;;;;;;;;;;;;;;;;;
11;form;L1;20;1;3;;;;;;;;;;;;;;;;;;;;
11;form;L1;21;1;9;;;;;;;;;;;;;;;;;;;;
11;form;L1;22;1;11;;;;;;;;;;;;;;;;;;;;
11;form;L1;23;1;8;;;;;;;;;;;;;;;;;;;;
11;form;L1;24;1;13;;;;;;;;;;;;;;;;;;;;
11;kategori;L1;1;1;4;;;;;;;;;;;;;;;;;;;;
11;kategori;L1;2;1;10;;;;;;;;;;;;;;;;;;;;
11;kategori;L1;3;1;19;;;;;;;;;;;;;;;;;;;;
11;kategori;L1;4;1;2;;;;;;;;;;;;;;;;;;;;
11;kategori;L1;5;1;16;;;;;;;;;;;;;;;;;;;;
11;kategori;L1;6;1;22;;;;;;;;;;;;;;;;;;;;
11;kategori;L1;7;1;8;;;;;;;;;;;;;;;;;;;;
11;kategori;L1;8;1;17;;;;;;;;;;;;;;;;;;;;
11;kategori;L1;9;1;18;;;;;;;;;;;;;;;;;;;;
11;kategori;L1;10;1;15;;;;;;;;;;;;;;;;;;;;
11;kategori;L1;11;1;0;;;;;;;;;;;;;;;;;;;;
11;kategori;L1;12;1;1;;;;;;;;;;;;;;;;;;;;
11;kategori;L1;13;1;23;;;;;;;;;;;;;;;;;;;;
11;kategori;L1;14;1;3;;;;;;;;;;;;;;;;;;;;
11;kategori;L1;15;1;5;;;;;;;;;;;;;;;;;;;;
11;kategori;L1;16;1;7;;;;;;;;;;;;;;;;;;;;
11;kategori;L1;17;1;6;;;;;;;;;;;;;;;;;;;;
11;kategori;L1;18;1;13;;;;;;;;;;;;;;;;;;;;
11;kategori;L1;19;1;11;;;;;;;;;;;;;;;;;;;;
11;kategori;L1;20;1;20;;;;;;;;;;;;;;;;;;;;
11;kategori;L1;21;1;21;;;;;;;;;;;;;;;;;;;;
11;kategori;L1;22;1;14;;;;;;;;;;;;;;;;;;;;
11;kategori;L1;23;1;9;;;;;;;;;;;;;;;;;;;;
11;kategori;L1;24;1;12;;;;;;;;;;;;;;;;;;;;
11;form;L2;1;1;17;;;;;;;;;;;;;;;;;;;;
11;form;L2;2;1;0;;;;;;;;;;;;;;;;;;;;
11;form;L2;3;1;21;;;;;;;;;;;;;;;;;;;;
11;form;L2;4;1;9;;;;;;;;;;;;;;;;;;;;
11;form;L2;5;1;14;;;;;;;;;;;;;;;;;;;;
11;form;L2;6;1;8;;;;;;;;;;;;;;;;;;;;
11;form;L2;7;1;19;;;;;;;;;;;;;;;;;;;;
11;form;L2;8;1;15;;;;;;;;;;;;;;;;;;;;
11;form;L2;9;1;2;;;;;;;;;;;;;;;;;;;;
11;form;L2;10;1;20;;;;;;;;;;;;;;;;;;;;
11;form;L2;11;1;13;;;;;;;;;;;;;;;;;;;;
11;form;L2;12;1;22;;;;;;;;;;;;;;;;;;;;
11;form;L2;13;1;7;;;;;;;;;;;;;;;;;;;;
11;form;L2;14;1;5;;;;;;;;;;;;;;;;;;;;
11;form;L2;15;1;10;;;;;;;;;;;;;;;;;;;;
11;form;L2;16;1;18;;;;;;;;;;;;;;;;;;;;
11;form;L2;17;1;6;;;;;;;;;;;;;;;;;;;;
11;form;L2;18;1;1;;;;;;;;;;;;;;;;;;;;
11;form;L2;19;1;3;;;;;;;;;;;;;;;;;;;;
11;form;L2;20;1;12;;;;;;;;;;;;;;;;;;;;
11;form;L2;21;1;16;;;;;;;;;;;;;;;;;;;;
11;form;L2;22;1;23;;;;;;;;;;;;;;;;;;;;
11;form;L2;23;1;4;;;;;;;;;;;;;;;;;;;;
11;form;L2;24;1;11;;;;;;;;;;;;;;;;;;;;
11;kategori;L2;1;1;15;;;;;;;;;;;;;;;;;;;;
11;kategori;L2;2;1;20;;;;;;;;;;;;;;;;;;;;
11;kategori;L2;3;1;23;;;;;;;;;;;;;;;;;;;;
11;kategori;L2;4;1;11;;;;;;;;;;;;;;;;;;;;
11;kategori;L2;5;1;4;;;;;;;;;;;;;;;;;;;;
11;kategori;L2;6;1;6;;;;;;;;;;;;;;;;;;;;
11;kategori;L2;7;1;21;;;;;;;;;;;;;;;;;;;;
11;kategori;L2;8;1;12;;;;;;;;;;;;;;;;;;;;
11;kategori;L2;9;1;14;;;;;;;;;;;;;;;;;;;;
11;kategori;L2;10;1;7;;;;;;;;;;;;;;;;;;;;
11;kategori;L2;11;1;19;;;;;;;;;;;;;;;;;;;;
11;kategori;L2;12;1;17;;;;;;;;;;;;;;;;;;;;
11;kategori;L2;13;1;8;;;;;;;;;;;;;;;;;;;;
11;kategori;L2;14;1;0;;;;;;;;;;;;;;;;;;;;
11;kategori;L2;15;1;16;;;;;;;;;;;;;;;;;;;;
11;kategori;L2;16;1;18;;;;;;;;;;;;;;;;;;;;
11;kategori;L2;17;1;5;;;;;;;;;;;;;;;;;;;;
11;kategori;L2;18;1;3;;;;;;;;;;;;;;;;;;;;
11;kategori;L2;19;1;22;;;;;;;;;;;;;;;;;;;;
11;kategori;L2;20;1;2;;;;;;;;;;;;;;;;;;;;
11;kategori;L2;21;1;9;;;;;;;;;;;;;;;;;;;;
11;kategori;L2;22;1;1;;;;;;;;;;;;;;;;;;;;
11;kategori;L2;23;1;13;;;;;;;;;;;;;;;;;;;;
11;kategori;L2;24;1;10;;;;;;;;;;;;;;;;;;;;
12;form;L1;1;1;15;;;;;;;;;;;;;;;;;;;;
12;form;L1;2;1;6;;;;;;;;;;;;;;;;;;;;
12;form;L1;3;1;10;;;;;;;;;;;;;;;;;;;;
12;form;L1;4;1;14;;;;;;;;;;;;;;;;;;;;
12;form;L1;5;1;13;;;;;;;;;;;;;;;;;;;;
12;form;L1;6;1;11;;;;;;;;;;;;;;;;;;;;
12;form;L1;7;1;2;;;;;;;;;;;;;;;;;;;;
12;form;L1;8;1;0;;;;;;;;;;;;;;;;;;;;
12;form;L1;9;1;1;;;;;;;;;;;;;;;;;;;;
12;form;L1;10;1;21;;;;;;;;;;;;;;;;;;;;
12;form;L1;11;1;7;;;;;;;;;;;;;;;;;;;;
12;form;L1;12;1;3;;;;;;;;;;;;;;;;;;;;
12;form;L1;13;1;8;;;;;;;;;;;;;;;;;;;;
12;form;L1;14;1;23;;;;;;;;;;;;;;;;;;;;
12;form;L1;15;1;16;;;;;;;;;;;;;;;;;;;;
12;form;L1;16;1;17;;;;;;;;;;;;;;;;;;;;
12;form;L1;17;1;4;;;;;;;;;;;;;;;;;;;;
12;form;L1;18;1;18;;;;;;;;;;;;;;;;;;;;
12;form;L1;19;1;22;;;;;;;;;;;;;;;;;;;;
12;form;L1;20;1;19;;;;;;;;;;;;;;;;;;;;
12;form;L1;21;1;20;;;;;;;;;;;;;;;;;;;;
12;form;L1;22;1;9;;;;;;;;;;;;;;;;;;;;
12;form;L1;23;1;5;;;;;;;;;;;;;;;;;;;;
12;form;L1;24;1;12;;;;;;;;;;;;;;;;;;;;
12;kategori;L1;1;1;18;;;;;;;;;;;;;;;;;;;;
12;kategori;L1;2;1;15;;;;;;;;;;;;;;;;;;;;
12;kategori;L1;3;1;3;;;;;;;;;;;;;;;;;;;;
12;kategori;L1;4;1;14;;;;;;;;;;;;;;;;;;;;
12;kategori;L1;5;1;8;;;;;;;;;;;;;;;;;;;;
12;kategori;L1;6;1;23;;;;;;;;;;;;;;;;;;;;
12;kategori;L1;7;1;6;;;;;;;;;;;;;;;;;;;;
12;kategori;L1;8;1;4;;;;;;;;;;;;;;;;;;;;
12;kategori;L1;9;1;17;;;;;;;;;;;;;;;;;;;;
12;kategori;L1;10;1;0;;;;;;;;;;;;;;;;;;;;
12;kategori;L1;11;1;7;;;;;;;;;;;;;;;;;;;;
12;kategori;L1;12;1;20;;;;;;;;;;;;;;;;;;;;
12;kategori;L1;13;1;2;;;;;;;;;;;;;;;;;;;;
12;kategori;L1;14;1;9;;;;;;;;;;;;;;;;;;;;
12;kategori;L1;15;1;22;;;;;;;;;;;;;;;;;;;;
12;kategori;L1;16;1;21;;;;;;;;;;;;;;;;;;;;
12;kategori;L1;17;1;5;;;;;;;;;;;;;;;;;;;;
12;kategori;L1;18;1;13;;;;;;;;;;;;;;;;;;;;
12;kategori;L1;19;1;11;;;;;;;;;;;;;;;;;;;;
12;kategori;L1;20;1;19;;;;;;;;;;;;;;;;;;;;
12;kategori;L1;21;1;10;;;;;;;;;;;;;;;;;;;;
12;kategori;L1;22;1;12;;;;;;;;;;;;;;;;;;;;
12;kategori;L1;23;1;16;;;;;;;;;;;;;;;;;;;;
12;kategori;L1;24;1;1;;;;;;;;;;;;;;;;;;;;
12;form;L2;1;1;0;;;;;;;;;;;;;;;;;;;;
12;form;L2;2;1;13;;;;;;;;;;;;;;;;;;;;
12;form;L2;3;1;16;;;;;;;;;;;;;;;;;;;;
12;form;L2;4;1;22;;;;;;;;;;;;;;;;;;;;
12;form;L2;5;1;2;;;;;;;;;;;;;;;;;;;;
12;form;L2;6;1;1;;;;;;;;;;;;;;;;;;;;
12;form;L2;7;1;12;;;;;;;;;;;;;;;;;;;;
12;form;L2;8;1;10;;;;;;;;;;;;;;;;;;;;
12;form;L2;9;1;14;;;;;;;;;;;;;;;;;;;;
12;form;L2;10;1;15;;;;;;;;;;;;;;;;;;;;
12;form;L2;11;1;18;;;;;;;;;;;;;;;;;;;;
12;form;L2;12;1;21;;;;;;;;;;;;;;;;;;;;
12;form;L2;13;1;8;;;;;;;;;;;;;;;;;;;;
12;form;L2;14;1;7;;;;;;;;;;;;;;;;;;;;
12;form;L2;15;1;3;;;;;;;;;;;;;;;;;;;;
12;form;L2;16;1;5;;;;;;;;;;;;;;;;;;;;
12;form;L2;17;1;20;;;;;;;;;;;;;;;;;;;;
12;form;L2;18;1;9;;;;;;;;;;;;;;;;;;;;
12;form;L2;19;1;19;;;;;;;;;;;;;;;;;;;;
12;form;L2;20;1;11;;;;;;;;;;;;;;;;;;;;
12;form;L2;21;1;23;;;;;;;;;;;;;;;;;;;;
12;form;L2;22;1;6;;;;;;;;;;;;;;;;;;;;
12;form;L2;23;1;4;;;;;;;;;;;;;;;;;;;;
12;form;L2;24;1;17;;;;;;;;;;;;;;;;;;;;
12;kategori;L2;1;0;2;;;;;;;;;;;;;;;;;;;;
12;kategori;L2;2;0;11;;;;;;;;;;;;;;;;;;;;
12;kategori;L2;3;0;0;;;;;;;;;;;;;;;;;;;;
12;kategori;L2;4;0;4;;;;;;;;;;;;;;;;;;;;
12;kategori;L2;5;1;21;;;;;;;;;;;;;;;;;;;;
12;kategori;L2;6;1;8;;;;;;;;;;;;;;;;;;;;
12;kategori;L2;7;1;12;;;;;;;;;;;;;;;;;;;;
12;kategori;L2;8;1;1;;;;;;;;;;;;;;;;;;;;
12;kategori;L2;9;1;6;;;;;;;;;;;;;;;;;;;;
12;kategori;L2;10;1;5;;;;;;;;;;;;;;;;;;;;
12;kategori;L2;11;1;23;;;;;;;;;;;;;;;;;;;;
12;kategori;L2;12;1;17;;;;;;;;;;;;;;;;;;;;
12;kategori;L2;13;1;3;;;;;;;;;;;;;;;;;;;;
12;kategori;L2;14;1;14;;;;;;;;;;;;;;;;;;;;
12;kategori;L2;15;1;16;;;;;;;;;;;;;;;;;;;;
12;kategori;L2;16;1;19;;;;;;;;;;;;;;;;;;;;
12;kategori;L2;17;1;15;;;;;;;;;;;;;;;;;;;;
12;kategori;L2;18;1;20;;;;;;;;;;;;;;;;;;;;
12;kategori;L2;19;1;7;;;;;;;;;;;;;;;;;;;;
12;kategori;L2;20;1;13;;;;;;;;;;;;;;;;;;;;
12;kategori;L2;21;1;22;;;;;;;;;;;;;;;;;;;;
12;kategori;L2;22;1;10;;;;;;;;;;;;;;;;;;;;
12;kategori;L2;23;1;9;;;;;;;;;;;;;;;;;;;;
12;kategori;L2;24;1;18;;;;;;;;;;;;;;;;;;;;
13;form;L1;1;1;10;;;;;;;;;;;;;;;;;;;;
13;form;L1;2;1;13;;;;;;;;;;;;;;;;;;;;
13;form;L1;3;1;21;;;;;;;;;;;;;;;;;;;;
13;form;L1;4;1;18;;;;;;;;;;;;;;;;;;;;
13;form;L1;5;1;22;;;;;;;;;;;;;;;;;;;;
13;form;L1;6;1;9;;;;;;;;;;;;;;;;;;;;
13;form;L1;7;1;20;;;;;;;;;;;;;;;;;;;;
13;form;L1;8;1;12;;;;;;;;;;;;;;;;;;;;
13;form;L1;9;1;0;;;;;;;;;;;;;;;;;;;;
13;form;L1;10;1;5;;;;;;;;;;;;;;;;;;;;
13;form;L1;11;1;8;;;;;;;;;;;;;;;;;;;;
13;form;L1;12;1;2;;;;;;;;;;;;;;;;;;;;
13;form;L1;13;1;1;;;;;;;;;;;;;;;;;;;;
13;form;L1;14;1;16;;;;;;;;;;;;;;;;;;;;
13;form;L1;15;1;14;;;;;;;;;;;;;;;;;;;;
13;form;L1;16;1;19;;;;;;;;;;;;;;;;;;;;
13;form;L1;17;1;15;;;;;;;;;;;;;;;;;;;;
13;form;L1;18;1;4;;;;;;;;;;;;;;;;;;;;
13;form;L1;19;1;3;;;;;;;;;;;;;;;;;;;;
13;form;L1;20;1;11;;;;;;;;;;;;;;;;;;;;
13;form;L1;21;1;6;;;;;;;;;;;;;;;;;;;;
13;form;L1;22;1;23;;;;;;;;;;;;;;;;;;;;
13;form;L1;23;1;7;;;;;;;;;;;;;;;;;;;;
13;form;L1;24;1;17;;;;;;;;;;;;;;;;;;;;
13;kategori;L1;1;1;23;;;;;;;;;;;;;;;;;;;;
13;kategori;L1;2;1;2;;;;;;;;;;;;;;;;;;;;
13;kategori;L1;3;1;19;;;;;;;;;;;;;;;;;;;;
13;kategori;L1;4;1;5;;;;;;;;;;;;;;;;;;;;
13;kategori;L1;5;1;12;;;;;;;;;;;;;;;;;;;;
13;kategori;L1;6;1;9;;;;;;;;;;;;;;;;;;;;
13;kategori;L1;7;1;8;;;;;;;;;;;;;;;;;;;;
13;kategori;L1;8;1;14;;;;;;;;;;;;;;;;;;;;
13;kategori;L1;9;1;20;;;;;;;;;;;;;;;;;;;;
13;kategori;L1;10;1;22;;;;;;;;;;;;;;;;;;;;
13;kategori;L1;11;1;3;;;;;;;;;;;;;;;;;;;;
13;kategori;L1;12;1;17;;;;;;;;;;;;;;;;;;;;
13;kategori;L1;13;1;0;;;;;;;;;;;;;;;;;;;;
13;kategori;L1;14;1;16;;;;;;;;;;;;;;;;;;;;
13;kategori;L1;15;1;18;;;;;;;;;;;;;;;;;;;;
13;kategori;L1;16;1;21;;;;;;;;;;;;;;;;;;;;
13;kategori;L1;17;1;1;;;;;;;;;;;;;;;;;;;;
13;kategori;L1;18;1;4;;;;;;;;;;;;;;;;;;;;
13;kategori;L1;19;1;11;;;;;;;;;;;;;;;;;;;;
13;kategori;L1;20;1;7;;;;;;;;;;;;;;;;;;;;
13;kategori;L1;21;0;15;;;;;;;;;;;;;;;;;;;;
13;kategori;L1;22;1;13;;;;;;;;;;;;;;;;;;;;
13;kategori;L1;23;1;10;;;;;;;;;;;;;;;;;;;;
13;kategori;L1;24;1;6;;;;;;;;;;;;;;;;;;;;
13;form;L2;1;1;8;;;;;;;;;;;;;;;;;;;;
13;form;L2;2;1;13;;;;;;;;;;;;;;;;;;;;
13;form;L2;3;1;3;;;;;;;;;;;;;;;;;;;;
13;form;L2;4;1;1;;;;;;;;;;;;;;;;;;;;
13;form;L2;5;1;4;;;;;;;;;;;;;;;;;;;;
13;form;L2;6;1;20;;;;;;;;;;;;;;;;;;;;
13;form;L2;7;1;2;;;;;;;;;;;;;;;;;;;;
13;form;L2;8;1;12;;;;;;;;;;;;;;;;;;;;
13;form;L2;9;1;21;;;;;;;;;;;;;;;;;;;;
13;form;L2;10;1;18;;;;;;;;;;;;;;;;;;;;
13;form;L2;11;1;14;;;;;;;;;;;;;;;;;;;;
13;form;L2;12;1;19;;;;;;;;;;;;;;;;;;;;
13;form;L2;13;1;22;;;;;;;;;;;;;;;;;;;;
13;form;L2;14;1;0;;;;;;;;;;;;;;;;;;;;
13;form;L2;15;1;23;;;;;;;;;;;;;;;;;;;;
13;form;L2;16;1;7;;;;;;;;;;;;;;;;;;;;
13;form;L2;17;1;5;;;;;;;;;;;;;;;;;;;;
13;form;L2;18;1;15;;;;;;;;;;;;;;;;;;;;
13;form;L2;19;1;6;;;;;;;;;;;;;;;;;;;;
13;form;L2;20;1;9;;;;;;;;;;;;;;;;;;;;
13;form;L2;21;1;16;;;;;;;;;;;;;;;;;;;;
13;form;L2;22;1;17;;;;;;;;;;;;;;;;;;;;
13;form;L2;23;1;10;;;;;;;;;;;;;;;;;;;;
13;form;L2;24;1;11;;;;;;;;;;;;;;;;;;;;
13;kategori;L2;1;1;15;;;;;;;;;;;;;;;;;;;;
13;kategori;L2;2;0;11;;;;;;;;;;;;;;;;;;;;
13;kategori;L2;3;1;3;;;;;;;;;;;;;;;;;;;;
13;kategori;L2;4;1;4;;;;;;;;;;;;;;;;;;;;
13;kategori;L2;5;1;22;;;;;;;;;;;;;;;;;;;;
13;kategori;L2;6;1;7;;;;;;;;;;;;;;;;;;;;
13;kategori;L2;7;1;17;;;;;;;;;;;;;;;;;;;;
13;kategori;L2;8;1;5;;;;;;;;;;;;;;;;;;;;
13;kategori;L2;9;1;13;;;;;;;;;;;;;;;;;;;;
13;kategori;L2;10;1;2;;;;;;;;;;;;;;;;;;;;
13;kategori;L2;11;1;8;;;;;;;;;;;;;;;;;;;;
13;kategori;L2;12;1;20;;;;;;;;;;;;;;;;;;;;
13;kategori;L2;13;1;19;;;;;;;;;;;;;;;;;;;;
13;kategori;L2;14;1;10;;;;;;;;;;;;;;;;;;;;
13;kategori;L2;15;1;1;;;;;;;;;;;;;;;;;;;;
13;kategori;L2;16;1;9;;;;;;;;;;;;;;;;;;;;
13;kategori;L2;17;1;16;;;;;;;;;;;;;;;;;;;;
13;kategori;L2;18;1;23;;;;;;;;;;;;;;;;;;;;
13;kategori;L2;19;1;18;;;;;;;;;;;;;;;;;;;;
13;kategori;L2;20;1;21;;;;;;;;;;;;;;;;;;;;
13;kategori;L2;21;1;0;;;;;;;;;;;;;;;;;;;;
13;kategori;L2;22;1;14;;;;;;;;;;;;;;;;;;;;
13;kategori;L2;23;1;6;;;;;;;;;;;;;;;;;;;;
13;kategori;L2;24;1;12;;;;;;;;;;;;;;;;;;;;
14;form;L1;1;1;8;;;;;;;;;;;;;;;;;;;;
14;form;L1;2;1;3;;;;;;;;;;;;;;;;;;;;
14;form;L1;3;1;5;;;;;;;;;;;;;;;;;;;;
14;form;L1;4;1;2;;;;;;;;;;;;;;;;;;;;
14;form;L1;5;1;20;;;;;;;;;;;;;;;;;;;;
14;form;L1;6;1;7;;;;;;;;;;;;;;;;;;;;
14;form;L1;7;1;15;;;;;;;;;;;;;;;;;;;;
14;form;L1;8;1;4;;;;;;;;;;;;;;;;;;;;
14;form;L1;9;1;18;;;;;;;;;;;;;;;;;;;;
14;form;L1;10;1;21;;;;;;;;;;;;;;;;;;;;
14;form;L1;11;1;16;;;;;;;;;;;;;;;;;;;;
14;form;L1;12;1;22;;;;;;;;;;;;;;;;;;;;
14;form;L1;13;1;9;;;;;;;;;;;;;;;;;;;;
14;form;L1;14;1;23;;;;;;;;;;;;;;;;;;;;
14;form;L1;15;1;19;;;;;;;;;;;;;;;;;;;;
14;form;L1;16;1;6;;;;;;;;;;;;;;;;;;;;
14;form;L1;17;1;1;;;;;;;;;;;;;;;;;;;;
14;form;L1;18;0;14;;;;;;;;;;;;;;;;;;;;
14;form;L1;19;1;10;;;;;;;;;;;;;;;;;;;;
14;form;L1;20;1;0;;;;;;;;;;;;;;;;;;;;
14;form;L1;21;0;17;;;;;;;;;;;;;;;;;;;;
14;form;L1;22;1;13;;;;;;;;;;;;;;;;;;;;
14;form;L1;23;1;12;;;;;;;;;;;;;;;;;;;;
14;form;L1;24;1;11;;;;;;;;;;;;;;;;;;;;
14;kategori;L1;1;0;5;;;;;;;;;;;;;;;;;;;;
14;kategori;L1;2;0;16;;;;;;;;;;;;;;;;;;;;
14;kategori;L1;3;0;23;;;;;;;;;;;;;;;;;;;;
14;kategori;L1;4;1;13;;;;;;;;;;;;;;;;;;;;
14;kategori;L1;5;1;6;;;;;;;;;;;;;;;;;;;;
14;kategori;L1;6;1;17;;;;;;;;;;;;;;;;;;;;
14;kategori;L1;7;1;15;;;;;;;;;;;;;;;;;;;;
14;kategori;L1;8;1;3;;;;;;;;;;;;;;;;;;;;
14;kategori;L1;9;1;8;;;;;;;;;;;;;;;;;;;;
14;kategori;L1;10;1;20;;;;;;;;;;;;;;;;;;;;
14;kategori;L1;11;1;12;;;;;;;;;;;;;;;;;;;;
14;kategori;L1;12;1;18;;;;;;;;;;;;;;;;;;;;
14;kategori;L1;13;0;14;;;;;;;;;;;;;;;;;;;;
14;kategori;L1;14;1;10;;;;;;;;;;;;;;;;;;;;
14;kategori;L1;15;1;22;;;;;;;;;;;;;;;;;;;;
14;kategori;L1;16;1;11;;;;;;;;;;;;;;;;;;;;
14;kategori;L1;17;1;2;;;;;;;;;;;;;;;;;;;;
14;kategori;L1;18;1;7;;;;;;;;;;;;;;;;;;;;
14;kategori;L1;19;1;1;;;;;;;;;;;;;;;;;;;;
14;kategori;L1;20;1;0;;;;;;;;;;;;;;;;;;;;
14;kategori;L1;21;1;4;;;;;;;;;;;;;;;;;;;;
14;kategori;L1;22;1;21;;;;;;;;;;;;;;;;;;;;
14;kategori;L1;23;1;9;;;;;;;;;;;;;;;;;;;;
14;kategori;L1;24;1;19;;;;;;;;;;;;;;;;;;;;
14;form;L2;1;1;23;;;;;;;;;;;;;;;;;;;;
14;form;L2;2;1;8;;;;;;;;;;;;;;;;;;;;
14;form;L2;3;1;10;;;;;;;;;;;;;;;;;;;;
14;form;L2;4;1;15;;;;;;;;;;;;;;;;;;;;
14;form;L2;5;1;4;;;;;;;;;;;;;;;;;;;;
14;form;L2;6;1;2;;;;;;;;;;;;;;;;;;;;
14;form;L2;7;1;16;;;;;;;;;;;;;;;;;;;;
14;form;L2;8;1;7;;;;;;;;;;;;;;;;;;;;
14;form;L2;9;1;3;;;;;;;;;;;;;;;;;;;;
14;form;L2;10;1;18;;;;;;;;;;;;;;;;;;;;
14;form;L2;11;1;20;;;;;;;;;;;;;;;;;;;;
14;form;L2;12;1;0;;;;;;;;;;;;;;;;;;;;
14;form;L2;13;1;5;;;;;;;;;;;;;;;;;;;;
14;form;L2;14;1;19;;;;;;;;;;;;;;;;;;;;
14;form;L2;15;1;17;;;;;;;;;;;;;;;;;;;;
14;form;L2;16;1;9;;;;;;;;;;;;;;;;;;;;
14;form;L2;17;1;1;;;;;;;;;;;;;;;;;;;;
14;form;L2;18;1;13;;;;;;;;;;;;;;;;;;;;
14;form;L2;19;0;11;;;;;;;;;;;;;;;;;;;;
14;form;L2;20;1;21;;;;;;;;;;;;;;;;;;;;
14;form;L2;21;0;14;;;;;;;;;;;;;;;;;;;;
14;form;L2;22;0;22;;;;;;;;;;;;;;;;;;;;
14;form;L2;23;1;6;;;;;;;;;;;;;;;;;;;;
14;form;L2;24;1;12;;;;;;;;;;;;;;;;;;;;
14;kategori;L2;1;1;18;;;;;;;;;;;;;;;;;;;;
14;kategori;L2;2;1;16;;;;;;;;;;;;;;;;;;;;
14;kategori;L2;3;1;1;;;;;;;;;;;;;;;;;;;;
14;kategori;L2;4;1;14;;;;;;;;;;;;;;;;;;;;
14;kategori;L2;5;1;23;;;;;;;;;;;;;;;;;;;;
14;kategori;L2;6;1;15;;;;;;;;;;;;;;;;;;;;
14;kategori;L2;7;1;3;;;;;;;;;;;;;;;;;;;;
14;kategori;L2;8;1;10;;;;;;;;;;;;;;;;;;;;
14;kategori;L2;9;1;17;;;;;;;;;;;;;;;;;;;;
14;kategori;L2;10;1;13;;;;;;;;;;;;;;;;;;;;
14;kategori;L2;11;1;5;;;;;;;;;;;;;;;;;;;;
14;kategori;L2;12;1;9;;;;;;;;;;;;;;;;;;;;
14;kategori;L2;13;1;2;;;;;;;;;;;;;;;;;;;;
14;kategori;L2;14;1;11;;;;;;;;;;;;;;;;;;;;
14;kategori;L2;15;1;7;;;;;;;;;;;;;;;;;;;;
14;kategori;L2;16;1;4;;;;;;;;;;;;;;;;;;;;
14;kategori;L2;17;0;20;;;;;;;;;;;;;;;;;;;;
14;kategori;L2;18;1;19;;;;;;;;;;;;;;;;;;;;
14;kategori;L2;19;1;12;;;;;;;;;;;;;;;;;;;;
14;kategori;L2;20;1;8;;;;;;;;;;;;;;;;;;;;
14;kategori;L2;21;1;21;;;;;;;;;;;;;;;;;;;;
14;kategori;L2;22;1;6;;;;;;;;;;;;;;;;;;;;
14;kategori;L2;23;1;0;;;;;;;;;;;;;;;;;;;;
14;kategori;L2;24;1;22;;;;;;;;;;;;;;;;;;;;
15;form;L1;1;1;9;;;;;;;;;;;;;;;;;;;;
15;form;L1;2;1;16;;;;;;;;;;;;;;;;;;;;
15;form;L1;3;1;1;;;;;;;;;;;;;;;;;;;;
15;form;L1;4;1;20;;;;;;;;;;;;;;;;;;;;
15;form;L1;5;1;15;;;;;;;;;;;;;;;;;;;;
15;form;L1;6;1;23;;;;;;;;;;;;;;;;;;;;
15;form;L1;7;1;4;;;;;;;;;;;;;;;;;;;;
15;form;L1;8;1;12;;;;;;;;;;;;;;;;;;;;
15;form;L1;9;1;3;;;;;;;;;;;;;;;;;;;;
15;form;L1;10;1;0;;;;;;;;;;;;;;;;;;;;
15;form;L1;11;1;22;;;;;;;;;;;;;;;;;;;;
15;form;L1;12;1;13;;;;;;;;;;;;;;;;;;;;
15;form;L1;13;1;19;;;;;;;;;;;;;;;;;;;;
15;form;L1;14;1;5;;;;;;;;;;;;;;;;;;;;
15;form;L1;15;1;6;;;;;;;;;;;;;;;;;;;;
15;form;L1;16;1;18;;;;;;;;;;;;;;;;;;;;
15;form;L1;17;1;7;;;;;;;;;;;;;;;;;;;;
15;form;L1;18;1;21;;;;;;;;;;;;;;;;;;;;
15;form;L1;19;1;11;;;;;;;;;;;;;;;;;;;;
15;form;L1;20;1;2;;;;;;;;;;;;;;;;;;;;
15;form;L1;21;1;14;;;;;;;;;;;;;;;;;;;;
15;form;L1;22;0;10;;;;;;;;;;;;;;;;;;;;
15;form;L1;23;1;17;;;;;;;;;;;;;;;;;;;;
15;form;L1;24;1;8;;;;;;;;;;;;;;;;;;;;
15;kategori;L1;1;1;19;;;;;;;;;;;;;;;;;;;;
15;kategori;L1;2;1;11;;;;;;;;;;;;;;;;;;;;
15;kategori;L1;3;1;4;;;;;;;;;;;;;;;;;;;;
15;kategori;L1;4;1;22;;;;;;;;;;;;;;;;;;;;
15;kategori;L1;5;1;8;;;;;;;;;;;;;;;;;;;;
15;kategori;L1;6;1;20;;;;;;;;;;;;;;;;;;;;
15;kategori;L1;7;1;6;;;;;;;;;;;;;;;;;;;;
15;kategori;L1;8;1;5;;;;;;;;;;;;;;;;;;;;
15;kategori;L1;9;1;14;;;;;;;;;;;;;;;;;;;;
15;kategori;L1;10;1;9;;;;;;;;;;;;;;;;;;;;
15;kategori;L1;11;1;16;;;;;;;;;;;;;;;;;;;;
15;kategori;L1;12;1;7;;;;;;;;;;;;;;;;;;;;
15;kategori;L1;13;1;13;;;;;;;;;;;;;;;;;;;;
15;kategori;L1;14;1;21;;;;;;;;;;;;;;;;;;;;
15;kategori;L1;15;1;1;;;;;;;;;;;;;;;;;;;;
15;kategori;L1;16;1;3;;;;;;;;;;;;;;;;;;;;
15;kategori;L1;17;1;0;;;;;;;;;;;;;;;;;;;;
15;kategori;L1;18;1;17;;;;;;;;;;;;;;;;;;;;
15;kategori;L1;19;1;2;;;;;;;;;;;;;;;;;;;;
15;kategori;L1;20;1;12;;;;;;;;;;;;;;;;;;;;
15;kategori;L1;21;1;18;;;;;;;;;;;;;;;;;;;;
15;kategori;L1;22;1;15;;;;;;;;;;;;;;;;;;;;
15;kategori;L1;23;1;10;;;;;;;;;;;;;;;;;;;;
15;kategori;L1;24;1;23;;;;;;;;;;;;;;;;;;;;
15;form;L2;1;1;23;;;;;;;;;;;;;;;;;;;;
15;form;L2;2;1;13;;;;;;;;;;;;;;;;;;;;
15;form;L2;3;1;4;;;;;;;;;;;;;;;;;;;;
15;form;L2;4;1;8;;;;;;;;;;;;;;;;;;;;
15;form;L2;5;1;12;;;;;;;;;;;;;;;;;;;;
15;form;L2;6;1;0;;;;;;;;;;;;;;;;;;;;
15;form;L2;7;1;1;;;;;;;;;;;;;;;;;;;;
15;form;L2;8;0;10;;;;;;;;;;;;;;;;;;;;
15;form;L2;9;1;6;;;;;;;;;;;;;;;;;;;;
15;form;L2;10;1;2;;;;;;;;;;;;;;;;;;;;
15;form;L2;11;1;20;;;;;;;;;;;;;;;;;;;;
15;form;L2;12;1;14;;;;;;;;;;;;;;;;;;;;
15;form;L2;13;1;16;;;;;;;;;;;;;;;;;;;;
15;form;L2;14;1;3;;;;;;;;;;;;;;;;;;;;
15;form;L2;15;1;9;;;;;;;;;;;;;;;;;;;;
15;form;L2;16;0;22;;;;;;;;;;;;;;;;;;;;
15;form;L2;17;1;21;;;;;;;;;;;;;;;;;;;;
15;form;L2;18;0;15;;;;;;;;;;;;;;;;;;;;
15;form;L2;19;1;18;;;;;;;;;;;;;;;;;;;;
15;form;L2;20;1;11;;;;;;;;;;;;;;;;;;;;
15;form;L2;21;1;5;;;;;;;;;;;;;;;;;;;;
15;form;L2;22;1;19;;;;;;;;;;;;;;;;;;;;
15;form;L2;23;1;7;;;;;;;;;;;;;;;;;;;;
15;form;L2;24;0;17;;;;;;;;;;;;;;;;;;;;
15;kategori;L2;1;1;4;;;;;;;;;;;;;;;;;;;;
15;kategori;L2;2;1;12;;;;;;;;;;;;;;;;;;;;
15;kategori;L2;3;1;8;;;;;;;;;;;;;;;;;;;;
15;kategori;L2;4;1;0;;;;;;;;;;;;;;;;;;;;
15;kategori;L2;5;1;14;;;;;;;;;;;;;;;;;;;;
15;kategori;L2;6;1;23;;;;;;;;;;;;;;;;;;;;
15;kategori;L2;7;1;3;;;;;;;;;;;;;;;;;;;;
15;kategori;L2;8;1;7;;;;;;;;;;;;;;;;;;;;
15;kategori;L2;9;1;18;;;;;;;;;;;;;;;;;;;;
15;kategori;L2;10;1;10;;;;;;;;;;;;;;;;;;;;
15;kategori;L2;11;1;9;;;;;;;;;;;;;;;;;;;;
15;kategori;L2;12;1;21;;;;;;;;;;;;;;;;;;;;
15;kategori;L2;13;1;22;;;;;;;;;;;;;;;;;;;;
15;kategori;L2;14;1;11;;;;;;;;;;;;;;;;;;;;
15;kategori;L2;15;1;19;;;;;;;;;;;;;;;;;;;;
15;kategori;L2;16;1;20;;;;;;;;;;;;;;;;;;;;
15;kategori;L2;17;1;1;;;;;;;;;;;;;;;;;;;;
15;kategori;L2;18;1;6;;;;;;;;;;;;;;;;;;;;
15;kategori;L2;19;1;15;;;;;;;;;;;;;;;;;;;;
15;kategori;L2;20;1;16;;;;;;;;;;;;;;;;;;;;
15;kategori;L2;21;1;5;;;;;;;;;;;;;;;;;;;;
15;kategori;L2;22;1;13;;;;;;;;;;;;;;;;;;;;
15;kategori;L2;23;1;2;;;;;;;;;;;;;;;;;;;;
15;kategori;L2;24;1;17;;;;;;;;;;;;;;;;;;;;
16;form;L1;1;1;0;;;;;;;;;;;;;;;;;;;;
16;form;L1;2;1;11;;;;;;;;;;;;;;;;;;;;
16;form;L1;3;1;5;;;;;;;;;;;;;;;;;;;;
16;form;L1;4;1;1;;;;;;;;;;;;;;;;;;;;
16;form;L1;5;1;4;;;;;;;;;;;;;;;;;;;;
16;form;L1;6;1;14;;;;;;;;;;;;;;;;;;;;
16;form;L1;7;1;13;;;;;;;;;;;;;;;;;;;;
16;form;L1;8;1;15;;;;;;;;;;;;;;;;;;;;
16;form;L1;9;1;21;;;;;;;;;;;;;;;;;;;;
16;form;L1;10;1;18;;;;;;;;;;;;;;;;;;;;
16;form;L1;11;1;19;;;;;;;;;;;;;;;;;;;;
16;form;L1;12;1;16;;;;;;;;;;;;;;;;;;;;
16;form;L1;13;1;12;;;;;;;;;;;;;;;;;;;;
16;form;L1;14;1;10;;;;;;;;;;;;;;;;;;;;
16;form;L1;15;1;20;;;;;;;;;;;;;;;;;;;;
16;form;L1;16;1;8;;;;;;;;;;;;;;;;;;;;
16;form;L1;17;1;3;;;;;;;;;;;;;;;;;;;;
16;form;L1;18;1;23;;;;;;;;;;;;;;;;;;;;
16;form;L1;19;1;7;;;;;;;;;;;;;;;;;;;;
16;form;L1;20;1;9;;;;;;;;;;;;;;;;;;;;
16;form;L1;21;1;2;;;;;;;;;;;;;;;;;;;;
16;form;L1;22;1;22;;;;;;;;;;;;;;;;;;;;
16;form;L1;23;1;6;;;;;;;;;;;;;;;;;;;;
16;form;L1;24;1;17;;;;;;;;;;;;;;;;;;;;
16;kategori;L1;1;1;23;;;;;;;;;;;;;;;;;;;;
16;kategori;L1;2;1;17;;;;;;;;;;;;;;;;;;;;
16;kategori;L1;3;1;6;;;;;;;;;;;;;;;;;;;;
16;kategori;L1;4;1;7;;;;;;;;;;;;;;;;;;;;
16;kategori;L1;5;1;21;;;;;;;;;;;;;;;;;;;;
16;kategori;L1;6;1;9;;;;;;;;;;;;;;;;;;;;
16;kategori;L1;7;1;2;;;;;;;;;;;;;;;;;;;;
16;kategori;L1;8;1;14;;;;;;;;;;;;;;;;;;;;
16;kategori;L1;9;1;15;;;;;;;;;;;;;;;;;;;;
16;kategori;L1;10;1;16;;;;;;;;;;;;;;;;;;;;
16;kategori;L1;11;1;18;;;;;;;;;;;;;;;;;;;;
16;kategori;L1;12;1;12;;;;;;;;;;;;;;;;;;;;
16;kategori;L1;13;1;20;;;;;;;;;;;;;;;;;;;;
16;kategori;L1;14;1;11;;;;;;;;;;;;;;;;;;;;
16;kategori;L1;15;1;10;;;;;;;;;;;;;;;;;;;;
16;kategori;L1;16;1;19;;;;;;;;;;;;;;;;;;;;
16;kategori;L1;17;1;5;;;;;;;;;;;;;;;;;;;;
16;kategori;L1;18;1;22;;;;;;;;;;;;;;;;;;;;
16;kategori;L1;19;1;13;;;;;;;;;;;;;;;;;;;;
16;kategori;L1;20;1;8;;;;;;;;;;;;;;;;;;;;
16;kategori;L1;21;1;4;;;;;;;;;;;;;;;;;;;;
16;kategori;L1;22;1;1;;;;;;;;;;;;;;;;;;;;
16;kategori;L1;23;1;0;;;;;;;;;;;;;;;;;;;;
16;kategori;L1;24;1;3;;;;;;;;;;;;;;;;;;;;
16;form;L2;1;1;19;;;;;;;;;;;;;;;;;;;;
16;form;L2;2;1;3;;;;;;;;;;;;;;;;;;;;
16;form;L2;3;1;20;;;;;;;;;;;;;;;;;;;;
16;form;L2;4;1;7;;;;;;;;;;;;;;;;;;;;
16;form;L2;5;1;6;;;;;;;;;;;;;;;;;;;;
16;form;L2;6;1;0;;;;;;;;;;;;;;;;;;;;
16;form;L2;7;1;5;;;;;;;;;;;;;;;;;;;;
16;form;L2;8;1;4;;;;;;;;;;;;;;;;;;;;
16;form;L2;9;1;13;;;;;;;;;;;;;;;;;;;;
16;form;L2;10;1;14;;;;;;;;;;;;;;;;;;;;
16;form;L2;11;1;18;;;;;;;;;;;;;;;;;;;;
16;form;L2;12;1;22;;;;;;;;;;;;;;;;;;;;
16;form;L2;13;1;21;;;;;;;;;;;;;;;;;;;;
16;form;L2;14;1;23;;;;;;;;;;;;;;;;;;;;
16;form;L2;15;1;8;;;;;;;;;;;;;;;;;;;;
16;form;L2;16;1;16;;;;;;;;;;;;;;;;;;;;
16;form;L2;17;1;15;;;;;;;;;;;;;;;;;;;;
16;form;L2;18;1;12;;;;;;;;;;;;;;;;;;;;
16;form;L2;19;1;1;;;;;;;;;;;;;;;;;;;;
16;form;L2;20;1;10;;;;;;;;;;;;;;;;;;;;
16;form;L2;21;1;17;;;;;;;;;;;;;;;;;;;;
16;form;L2;22;1;11;;;;;;;;;;;;;;;;;;;;
16;form;L2;23;1;2;;;;;;;;;;;;;;;;;;;;
16;form;L2;24;1;9;;;;;;;;;;;;;;;;;;;;
16;kategori;L2;1;1;17;;;;;;;;;;;;;;;;;;;;
16;kategori;L2;2;1;19;;;;;;;;;;;;;;;;;;;;
16;kategori;L2;3;1;3;;;;;;;;;;;;;;;;;;;;
16;kategori;L2;4;1;21;;;;;;;;;;;;;;;;;;;;
16;kategori;L2;5;1;4;;;;;;;;;;;;;;;;;;;;
16;kategori;L2;6;1;5;;;;;;;;;;;;;;;;;;;;
16;kategori;L2;7;1;0;;;;;;;;;;;;;;;;;;;;
16;kategori;L2;8;1;14;;;;;;;;;;;;;;;;;;;;
16;kategori;L2;9;1;1;;;;;;;;;;;;;;;;;;;;
16;kategori;L2;10;1;16;;;;;;;;;;;;;;;;;;;;
16;kategori;L2;11;1;20;;;;;;;;;;;;;;;;;;;;
16;kategori;L2;12;1;22;;;;;;;;;;;;;;;;;;;;
16;kategori;L2;13;1;2;;;;;;;;;;;;;;;;;;;;
16;kategori;L2;14;1;23;;;;;;;;;;;;;;;;;;;;
16;kategori;L2;15;1;18;;;;;;;;;;;;;;;;;;;;
16;kategori;L2;16;1;15;;;;;;;;;;;;;;;;;;;;
16;kategori;L2;17;1;7;;;;;;;;;;;;;;;;;;;;
16;kategori;L2;18;1;12;;;;;;;;;;;;;;;;;;;;
16;kategori;L2;19;1;11;;;;;;;;;;;;;;;;;;;;
16;kategori;L2;20;1;8;;;;;;;;;;;;;;;;;;;;
16;kategori;L2;21;1;10;;;;;;;;;;;;;;;;;;;;
16;kategori;L2;22;1;9;;;;;;;;;;;;;;;;;;;;
16;kategori;L2;23;1;6;;;;;;;;;;;;;;;;;;;;
16;kategori;L2;24;1;13;;;;;;;;;;;;;;;;;;;;
17;form;L1;1;0;7;;;;;;;;;;;;;;;;;;;;
17;form;L1;2;1;21;;;;;;;;;;;;;;;;;;;;
17;form;L1;3;1;13;;;;;;;;;;;;;;;;;;;;
17;form;L1;4;1;12;;;;;;;;;;;;;;;;;;;;
17;form;L1;5;1;16;;;;;;;;;;;;;;;;;;;;
17;form;L1;6;1;17;;;;;;;;;;;;;;;;;;;;
17;form;L1;7;1;8;;;;;;;;;;;;;;;;;;;;
17;form;L1;8;1;6;;;;;;;;;;;;;;;;;;;;
17;form;L1;9;1;19;;;;;;;;;;;;;;;;;;;;
17;form;L1;10;1;20;;;;;;;;;;;;;;;;;;;;
17;form;L1;11;1;22;;;;;;;;;;;;;;;;;;;;
17;form;L1;12;1;23;;;;;;;;;;;;;;;;;;;;
17;form;L1;13;1;4;;;;;;;;;;;;;;;;;;;;
17;form;L1;14;1;1;;;;;;;;;;;;;;;;;;;;
17;form;L1;15;1;15;;;;;;;;;;;;;;;;;;;;
17;form;L1;16;1;18;;;;;;;;;;;;;;;;;;;;
17;form;L1;17;1;5;;;;;;;;;;;;;;;;;;;;
17;form;L1;18;1;10;;;;;;;;;;;;;;;;;;;;
17;form;L1;19;1;14;;;;;;;;;;;;;;;;;;;;
17;form;L1;20;1;2;;;;;;;;;;;;;;;;;;;;
17;form;L1;21;1;3;;;;;;;;;;;;;;;;;;;;
17;form;L1;22;1;0;;;;;;;;;;;;;;;;;;;;
17;form;L1;23;1;11;;;;;;;;;;;;;;;;;;;;
17;form;L1;24;1;9;;;;;;;;;;;;;;;;;;;;
17;kategori;L1;1;1;3;;;;;;;;;;;;;;;;;;;;
17;kategori;L1;2;1;20;;;;;;;;;;;;;;;;;;;;
17;kategori;L1;3;1;7;;;;;;;;;;;;;;;;;;;;
17;kategori;L1;4;1;8;;;;;;;;;;;;;;;;;;;;
17;kategori;L1;5;1;15;;;;;;;;;;;;;;;;;;;;
17;kategori;L1;6;1;12;;;;;;;;;;;;;;;;;;;;
17;kategori;L1;7;1;0;;;;;;;;;;;;;;;;;;;;
17;kategori;L1;8;1;19;;;;;;;;;;;;;;;;;;;;
17;kategori;L1;9;1;11;;;;;;;;;;;;;;;;;;;;
17;kategori;L1;10;1;14;;;;;;;;;;;;;;;;;;;;
17;kategori;L1;11;1;10;;;;;;;;;;;;;;;;;;;;
17;kategori;L1;12;1;4;;;;;;;;;;;;;;;;;;;;
17;kategori;L1;13;1;16;;;;;;;;;;;;;;;;;;;;
17;kategori;L1;14;1;1;;;;;;;;;;;;;;;;;;;;
17;kategori;L1;15;1;17;;;;;;;;;;;;;;;;;;;;
17;kategori;L1;16;1;18;;;;;;;;;;;;;;;;;;;;
17;kategori;L1;17;1;2;;;;;;;;;;;;;;;;;;;;
17;kategori;L1;18;1;21;;;;;;;;;;;;;;;;;;;;
17;kategori;L1;19;1;9;;;;;;;;;;;;;;;;;;;;
17;kategori;L1;20;1;22;;;;;;;;;;;;;;;;;;;;
17;kategori;L1;21;1;6;;;;;;;;;;;;;;;;;;;;
17;kategori;L1;22;1;5;;;;;;;;;;;;;;;;;;;;
17;kategori;L1;23;1;23;;;;;;;;;;;;;;;;;;;;
17;kategori;L1;24;1;13;;;;;;;;;;;;;;;;;;;;
17;form;L2;1;1;0;;;;;;;;;;;;;;;;;;;;
17;form;L2;2;1;16;;;;;;;;;;;;;;;;;;;;
17;form;L2;3;1;17;;;;;;;;;;;;;;;;;;;;
17;form;L2;4;1;9;;;;;;;;;;;;;;;;;;;;
17;form;L2;5;1;5;;;;;;;;;;;;;;;;;;;;
17;form;L2;6;1;13;;;;;;;;;;;;;;;;;;;;
17;form;L2;7;1;10;;;;;;;;;;;;;;;;;;;;
17;form;L2;8;1;4;;;;;;;;;;;;;;;;;;;;
17;form;L2;9;0;3;;;;;;;;;;;;;;;;;;;;
17;form;L2;10;1;22;;;;;;;;;;;;;;;;;;;;
17;form;L2;11;1;8;;;;;;;;;;;;;;;;;;;;
17;form;L2;12;1;19;;;;;;;;;;;;;;;;;;;;
17;form;L2;13;1;1;;;;;;;;;;;;;;;;;;;;
17;form;L2;14;1;18;;;;;;;;;;;;;;;;;;;;
17;form;L2;15;0;11;;;;;;;;;;;;;;;;;;;;
17;form;L2;16;1;23;;;;;;;;;;;;;;;;;;;;
17;form;L2;17;1;14;;;;;;;;;;;;;;;;;;;;
17;form;L2;18;1;6;;;;;;;;;;;;;;;;;;;;
17;form;L2;19;1;20;;;;;;;;;;;;;;;;;;;;
17;form;L2;20;1;2;;;;;;;;;;;;;;;;;;;;
17;form;L2;21;1;21;;;;;;;;;;;;;;;;;;;;
17;form;L2;22;1;15;;;;;;;;;;;;;;;;;;;;
17;form;L2;23;1;12;;;;;;;;;;;;;;;;;;;;
17;form;L2;24;0;7;;;;;;;;;;;;;;;;;;;;
17;kategori;L2;1;1;4;;;;;;;;;;;;;;;;;;;;
17;kategori;L2;2;1;12;;;;;;;;;;;;;;;;;;;;
17;kategori;L2;3;1;6;;;;;;;;;;;;;;;;;;;;
17;kategori;L2;4;1;8;;;;;;;;;;;;;;;;;;;;
17;kategori;L2;5;1;18;;;;;;;;;;;;;;;;;;;;
17;kategori;L2;6;1;11;;;;;;;;;;;;;;;;;;;;
17;kategori;L2;7;1;14;;;;;;;;;;;;;;;;;;;;
17;kategori;L2;8;1;19;;;;;;;;;;;;;;;;;;;;
17;kategori;L2;9;1;22;;;;;;;;;;;;;;;;;;;;
17;kategori;L2;10;1;17;;;;;;;;;;;;;;;;;;;;
17;kategori;L2;11;1;3;;;;;;;;;;;;;;;;;;;;
17;kategori;L2;12;1;21;;;;;;;;;;;;;;;;;;;;
17;kategori;L2;13;1;5;;;;;;;;;;;;;;;;;;;;
17;kategori;L2;14;1;0;;;;;;;;;;;;;;;;;;;;
17;kategori;L2;15;1;1;;;;;;;;;;;;;;;;;;;;
17;kategori;L2;16;1;9;;;;;;;;;;;;;;;;;;;;
17;kategori;L2;17;1;2;;;;;;;;;;;;;;;;;;;;
17;kategori;L2;18;1;16;;;;;;;;;;;;;;;;;;;;
17;kategori;L2;19;1;7;;;;;;;;;;;;;;;;;;;;
17;kategori;L2;20;1;23;;;;;;;;;;;;;;;;;;;;
17;kategori;L2;21;1;13;;;;;;;;;;;;;;;;;;;;
17;kategori;L2;22;1;15;;;;;;;;;;;;;;;;;;;;
17;kategori;L2;23;1;20;;;;;;;;;;;;;;;;;;;;
17;kategori;L2;24;1;10;;;;;;;;;;;;;;;;;;;;
18;form;L1;1;1;9;;;;;;;;;;;;;;;;;;;;
18;form;L1;2;1;23;;;;;;;;;;;;;;;;;;;;
18;form;L1;3;1;19;;;;;;;;;;;;;;;;;;;;
18;form;L1;4;1;15;;;;;;;;;;;;;;;;;;;;
18;form;L1;5;1;12;;;;;;;;;;;;;;;;;;;;
18;form;L1;6;1;7;;;;;;;;;;;;;;;;;;;;
18;form;L1;7;1;13;;;;;;;;;;;;;;;;;;;;
18;form;L1;8;1;20;;;;;;;;;;;;;;;;;;;;
18;form;L1;9;1;10;;;;;;;;;;;;;;;;;;;;
18;form;L1;10;1;6;;;;;;;;;;;;;;;;;;;;
18;form;L1;11;1;1;;;;;;;;;;;;;;;;;;;;
18;form;L1;12;1;17;;;;;;;;;;;;;;;;;;;;
18;form;L1;13;1;0;;;;;;;;;;;;;;;;;;;;
18;form;L1;14;1;21;;;;;;;;;;;;;;;;;;;;
18;form;L1;15;1;18;;;;;;;;;;;;;;;;;;;;
18;form;L1;16;1;16;;;;;;;;;;;;;;;;;;;;
18;form;L1;17;1;22;;;;;;;;;;;;;;;;;;;;
18;form;L1;18;1;3;;;;;;;;;;;;;;;;;;;;
18;form;L1;19;1;4;;;;;;;;;;;;;;;;;;;;
18;form;L1;20;1;2;;;;;;;;;;;;;;;;;;;;
18;form;L1;21;1;8;;;;;;;;;;;;;;;;;;;;
18;form;L1;22;1;5;;;;;;;;;;;;;;;;;;;;
18;form;L1;23;1;11;;;;;;;;;;;;;;;;;;;;
18;form;L1;24;1;14;;;;;;;;;;;;;;;;;;;;
18;kategori;L1;1;1;7;;;;;;;;;;;;;;;;;;;;
18;kategori;L1;2;1;14;;;;;;;;;;;;;;;;;;;;
18;kategori;L1;3;1;11;;;;;;;;;;;;;;;;;;;;
18;kategori;L1;4;1;5;;;;;;;;;;;;;;;;;;;;
18;kategori;L1;5;1;13;;;;;;;;;;;;;;;;;;;;
18;kategori;L1;6;1;9;;;;;;;;;;;;;;;;;;;;
18;kategori;L1;7;1;16;;;;;;;;;;;;;;;;;;;;
18;kategori;L1;8;1;0;;;;;;;;;;;;;;;;;;;;
18;kategori;L1;9;1;12;;;;;;;;;;;;;;;;;;;;
18;kategori;L1;10;1;8;;;;;;;;;;;;;;;;;;;;
18;kategori;L1;11;1;21;;;;;;;;;;;;;;;;;;;;
18;kategori;L1;12;1;18;;;;;;;;;;;;;;;;;;;;
18;kategori;L1;13;1;6;;;;;;;;;;;;;;;;;;;;
18;kategori;L1;14;1;10;;;;;;;;;;;;;;;;;;;;
18;kategori;L1;15;1;20;;;;;;;;;;;;;;;;;;;;
18;kategori;L1;16;1;2;;;;;;;;;;;;;;;;;;;;
18;kategori;L1;17;1;23;;;;;;;;;;;;;;;;;;;;
18;kategori;L1;18;1;15;;;;;;;;;;;;;;;;;;;;
18;kategori;L1;19;1;3;;;;;;;;;;;;;;;;;;;;
18;kategori;L1;20;1;17;;;;;;;;;;;;;;;;;;;;
18;kategori;L1;21;1;22;;;;;;;;;;;;;;;;;;;;
18;kategori;L1;22;1;1;;;;;;;;;;;;;;;;;;;;
18;kategori;L1;23;1;4;;;;;;;;;;;;;;;;;;;;
18;kategori;L1;24;1;19;;;;;;;;;;;;;;;;;;;;
18;form;L2;1;1;7;;;;;;;;;;;;;;;;;;;;
18;form;L2;2;1;11;;;;;;;;;;;;;;;;;;;;
18;form;L2;3;1;18;;;;;;;;;;;;;;;;;;;;
18;form;L2;4;1;22;;;;;;;;;;;;;;;;;;;;
18;form;L2;5;1;12;;;;;;;;;;;;;;;;;;;;
18;form;L2;6;1;0;;;;;;;;;;;;;;;;;;;;
18;form;L2;7;1;14;;;;;;;;;;;;;;;;;;;;
18;form;L2;8;1;10;;;;;;;;;;;;;;;;;;;;
18;form;L2;9;1;13;;;;;;;;;;;;;;;;;;;;
18;form;L2;10;1;6;;;;;;;;;;;;;;;;;;;;
18;form;L2;11;1;9;;;;;;;;;;;;;;;;;;;;
18;form;L2;12;1;4;;;;;;;;;;;;;;;;;;;;
18;form;L2;13;1;1;;;;;;;;;;;;;;;;;;;;
18;form;L2;14;1;2;;;;;;;;;;;;;;;;;;;;
18;form;L2;15;1;15;;;;;;;;;;;;;;;;;;;;
18;form;L2;16;1;8;;;;;;;;;;;;;;;;;;;;
18;form;L2;17;1;19;;;;;;;;;;;;;;;;;;;;
18;form;L2;18;1;17;;;;;;;;;;;;;;;;;;;;
18;form;L2;19;1;5;;;;;;;;;;;;;;;;;;;;
18;form;L2;20;1;23;;;;;;;;;;;;;;;;;;;;
18;form;L2;21;1;16;;;;;;;;;;;;;;;;;;;;
18;form;L2;22;1;3;;;;;;;;;;;;;;;;;;;;
18;form;L2;23;1;21;;;;;;;;;;;;;;;;;;;;
18;form;L2;24;1;20;;;;;;;;;;;;;;;;;;;;
18;kategori;L2;1;1;22;;;;;;;;;;;;;;;;;;;;
18;kategori;L2;2;1;16;;;;;;;;;;;;;;;;;;;;
18;kategori;L2;3;1;6;;;;;;;;;;;;;;;;;;;;
18;kategori;L2;4;1;1;;;;;;;;;;;;;;;;;;;;
18;kategori;L2;5;1;23;;;;;;;;;;;;;;;;;;;;
18;kategori;L2;6;1;0;;;;;;;;;;;;;;;;;;;;
18;kategori;L2;7;1;20;;;;;;;;;;;;;;;;;;;;
18;kategori;L2;8;1;2;;;;;;;;;;;;;;;;;;;;
18;kategori;L2;9;1;15;;;;;;;;;;;;;;;;;;;;
18;kategori;L2;10;1;14;;;;;;;;;;;;;;;;;;;;
18;kategori;L2;11;1;17;;;;;;;;;;;;;;;;;;;;
18;kategori;L2;12;1;13;;;;;;;;;;;;;;;;;;;;
18;kategori;L2;13;1;7;;;;;;;;;;;;;;;;;;;;
18;kategori;L2;14;1;12;;;;;;;;;;;;;;;;;;;;
18;kategori;L2;15;1;4;;;;;;;;;;;;;;;;;;;;
18;kategori;L2;16;1;19;;;;;;;;;;;;;;;;;;;;
18;kategori;L2;17;1;18;;;;;;;;;;;;;;;;;;;;
18;kategori;L2;18;1;5;;;;;;;;;;;;;;;;;;;;
18;kategori;L2;19;1;3;;;;;;;;;;;;;;;;;;;;
18;kategori;L2;20;1;21;;;;;;;;;;;;;;;;;;;;
18;kategori;L2;21;1;8;;;;;;;;;;;;;;;;;;;;
18;kategori;L2;22;1;11;;;;;;;;;;;;;;;;;;;;
18;kategori;L2;23;1;10;;;;;;;;;;;;;;;;;;;;
18;kategori;L2;24;1;9;;;;;;;;;;;;;;;;;;;;
19;form;L1;1;1;21;;;;;;;;;;;;;;;;;;;;
19;form;L1;2;1;13;;;;;;;;;;;;;;;;;;;;
19;form;L1;3;1;7;;;;;;;;;;;;;;;;;;;;
19;form;L1;4;1;16;;;;;;;;;;;;;;;;;;;;
19;form;L1;5;1;0;;;;;;;;;;;;;;;;;;;;
19;form;L1;6;1;3;;;;;;;;;;;;;;;;;;;;
19;form;L1;7;1;2;;;;;;;;;;;;;;;;;;;;
19;form;L1;8;1;23;;;;;;;;;;;;;;;;;;;;
19;form;L1;9;1;14;;;;;;;;;;;;;;;;;;;;
19;form;L1;10;1;12;;;;;;;;;;;;;;;;;;;;
19;form;L1;11;1;17;;;;;;;;;;;;;;;;;;;;
19;form;L1;12;1;6;;;;;;;;;;;;;;;;;;;;
19;form;L1;13;1;20;;;;;;;;;;;;;;;;;;;;
19;form;L1;14;1;11;;;;;;;;;;;;;;;;;;;;
19;form;L1;15;1;5;;;;;;;;;;;;;;;;;;;;
19;form;L1;16;1;1;;;;;;;;;;;;;;;;;;;;
19;form;L1;17;1;8;;;;;;;;;;;;;;;;;;;;
19;form;L1;18;1;22;;;;;;;;;;;;;;;;;;;;
19;form;L1;19;1;18;;;;;;;;;;;;;;;;;;;;
19;form;L1;20;1;4;;;;;;;;;;;;;;;;;;;;
19;form;L1;21;1;9;;;;;;;;;;;;;;;;;;;;
19;form;L1;22;1;10;;;;;;;;;;;;;;;;;;;;
19;form;L1;23;1;19;;;;;;;;;;;;;;;;;;;;
19;form;L1;24;1;15;;;;;;;;;;;;;;;;;;;;
19;kategori;L1;1;1;16;;;;;;;;;;;;;;;;;;;;
19;kategori;L1;2;1;0;;;;;;;;;;;;;;;;;;;;
19;kategori;L1;3;1;21;;;;;;;;;;;;;;;;;;;;
19;kategori;L1;4;1;3;;;;;;;;;;;;;;;;;;;;
19;kategori;L1;5;1;14;;;;;;;;;;;;;;;;;;;;
19;kategori;L1;6;1;23;;;;;;;;;;;;;;;;;;;;
19;kategori;L1;7;1;13;;;;;;;;;;;;;;;;;;;;
19;kategori;L1;8;1;7;;;;;;;;;;;;;;;;;;;;
19;kategori;L1;9;1;10;;;;;;;;;;;;;;;;;;;;
19;kategori;L1;10;1;1;;;;;;;;;;;;;;;;;;;;
19;kategori;L1;11;1;11;;;;;;;;;;;;;;;;;;;;
19;kategori;L1;12;1;12;;;;;;;;;;;;;;;;;;;;
19;kategori;L1;13;1;2;;;;;;;;;;;;;;;;;;;;
19;kategori;L1;14;1;20;;;;;;;;;;;;;;;;;;;;
19;kategori;L1;15;1;15;;;;;;;;;;;;;;;;;;;;
19;kategori;L1;16;1;18;;;;;;;;;;;;;;;;;;;;
19;kategori;L1;17;1;8;;;;;;;;;;;;;;;;;;;;
19;kategori;L1;18;1;22;;;;;;;;;;;;;;;;;;;;
19;kategori;L1;19;1;5;;;;;;;;;;;;;;;;;;;;
19;kategori;L1;20;1;6;;;;;;;;;;;;;;;;;;;;
19;kategori;L1;21;1;4;;;;;;;;;;;;;;;;;;;;
19;kategori;L1;22;1;17;;;;;;;;;;;;;;;;;;;;
19;kategori;L1;23;1;9;;;;;;;;;;;;;;;;;;;;
19;kategori;L1;24;1;19;;;;;;;;;;;;;;;;;;;;
19;form;L2;1;1;0;;;;;;;;;;;;;;;;;;;;
19;form;L2;2;1;15;;;;;;;;;;;;;;;;;;;;
19;form;L2;3;1;1;;;;;;;;;;;;;;;;;;;;
19;form;L2;4;1;10;;;;;;;;;;;;;;;;;;;;
19;form;L2;5;0;11;;;;;;;;;;;;;;;;;;;;
19;form;L2;6;1;14;;;;;;;;;;;;;;;;;;;;
19;form;L2;7;1;8;;;;;;;;;;;;;;;;;;;;
19;form;L2;8;1;17;;;;;;;;;;;;;;;;;;;;
19;form;L2;9;1;4;;;;;;;;;;;;;;;;;;;;
19;form;L2;10;1;2;;;;;;;;;;;;;;;;;;;;
19;form;L2;11;1;7;;;;;;;;;;;;;;;;;;;;
19;form;L2;12;1;3;;;;;;;;;;;;;;;;;;;;
19;form;L2;13;1;22;;;;;;;;;;;;;;;;;;;;
19;form;L2;14;1;6;;;;;;;;;;;;;;;;;;;;
19;form;L2;15;1;12;;;;;;;;;;;;;;;;;;;;
19;form;L2;16;1;16;;;;;;;;;;;;;;;;;;;;
19;form;L2;17;1;9;;;;;;;;;;;;;;;;;;;;
19;form;L2;18;1;5;;;;;;;;;;;;;;;;;;;;
19;form;L2;19;1;19;;;;;;;;;;;;;;;;;;;;
19;form;L2;20;1;20;;;;;;;;;;;;;;;;;;;;
19;form;L2;21;1;21;;;;;;;;;;;;;;;;;;;;
19;form;L2;22;1;18;;;;;;;;;;;;;;;;;;;;
19;form;L2;23;0;13;;;;;;;;;;;;;;;;;;;;
19;form;L2;24;1;23;;;;;;;;;;;;;;;;;;;;
19;kategori;L2;1;1;22;;;;;;;;;;;;;;;;;;;;
19;kategori;L2;2;1;21;;;;;;;;;;;;;;;;;;;;
19;kategori;L2;3;1;10;;;;;;;;;;;;;;;;;;;;
19;kategori;L2;4;1;18;;;;;;;;;;;;;;;;;;;;
19;kategori;L2;5;1;19;;;;;;;;;;;;;;;;;;;;
19;kategori;L2;6;1;8;;;;;;;;;;;;;;;;;;;;
19;kategori;L2;7;1;13;;;;;;;;;;;;;;;;;;;;
19;kategori;L2;8;1;16;;;;;;;;;;;;;;;;;;;;
19;kategori;L2;9;1;15;;;;;;;;;;;;;;;;;;;;
19;kategori;L2;10;1;11;;;;;;;;;;;;;;;;;;;;
19;kategori;L2;11;1;5;;;;;;;;;;;;;;;;;;;;
19;kategori;L2;12;1;12;;;;;;;;;;;;;;;;;;;;
19;kategori;L2;13;1;20;;;;;;;;;;;;;;;;;;;;
19;kategori;L2;14;1;9;;;;;;;;;;;;;;;;;;;;
19;kategori;L2;15;1;4;;;;;;;;;;;;;;;;;;;;
19;kategori;L2;16;1;7;;;;;;;;;;;;;;;;;;;;
19;kategori;L2;17;1;14;;;;;;;;;;;;;;;;;;;;
19;kategori;L2;18;1;2;;;;;;;;;;;;;;;;;;;;
19;kategori;L2;19;1;23;;;;;;;;;;;;;;;;;;;;
19;kategori;L2;20;1;17;;;;;;;;;;;;;;;;;;;;
19;kategori;L2;21;1;1;;;;;;;;;;;;;;;;;;;;
19;kategori;L2;22;1;6;;;;;;;;;;;;;;;;;;;;
19;kategori;L2;23;1;0;;;;;;;;;;;;;;;;;;;;
19;kategori;L2;24;1;3;;;;;;;;;;;;;;;;;;;;
20;form;L1;1;1;17;;;;;;;;;;;;;;;;;;;;
20;form;L1;2;1;19;;;;;;;;;;;;;;;;;;;;
20;form;L1;3;1;22;;;;;;;;;;;;;;;;;;;;
20;form;L1;4;1;18;;;;;;;;;;;;;;;;;;;;
20;form;L1;5;1;23;;;;;;;;;;;;;;;;;;;;
20;form;L1;6;1;7;;;;;;;;;;;;;;;;;;;;
20;form;L1;7;1;4;;;;;;;;;;;;;;;;;;;;
20;form;L1;8;1;10;;;;;;;;;;;;;;;;;;;;
20;form;L1;9;1;9;;;;;;;;;;;;;;;;;;;;
20;form;L1;10;1;1;;;;;;;;;;;;;;;;;;;;
20;form;L1;11;1;21;;;;;;;;;;;;;;;;;;;;
20;form;L1;12;1;13;;;;;;;;;;;;;;;;;;;;
20;form;L1;13;1;11;;;;;;;;;;;;;;;;;;;;
20;form;L1;14;1;14;;;;;;;;;;;;;;;;;;;;
20;form;L1;15;1;6;;;;;;;;;;;;;;;;;;;;
20;form;L1;16;1;5;;;;;;;;;;;;;;;;;;;;
20;form;L1;17;1;8;;;;;;;;;;;;;;;;;;;;
20;form;L1;18;1;0;;;;;;;;;;;;;;;;;;;;
20;form;L1;19;1;2;;;;;;;;;;;;;;;;;;;;
20;form;L1;20;1;3;;;;;;;;;;;;;;;;;;;;
20;form;L1;21;1;12;;;;;;;;;;;;;;;;;;;;
20;form;L1;22;1;16;;;;;;;;;;;;;;;;;;;;
20;form;L1;23;1;20;;;;;;;;;;;;;;;;;;;;
20;form;L1;24;1;15;;;;;;;;;;;;;;;;;;;;
20;kategori;L1;1;1;10;;;;;;;;;;;;;;;;;;;;
20;kategori;L1;2;1;21;;;;;;;;;;;;;;;;;;;;
20;kategori;L1;3;1;12;;;;;;;;;;;;;;;;;;;;
20;kategori;L1;4;1;6;;;;;;;;;;;;;;;;;;;;
20;kategori;L1;5;1;9;;;;;;;;;;;;;;;;;;;;
20;kategori;L1;6;1;17;;;;;;;;;;;;;;;;;;;;
20;kategori;L1;7;1;23;;;;;;;;;;;;;;;;;;;;
20;kategori;L1;8;1;20;;;;;;;;;;;;;;;;;;;;
20;kategori;L1;9;1;16;;;;;;;;;;;;;;;;;;;;
20;kategori;L1;10;1;15;;;;;;;;;;;;;;;;;;;;
20;kategori;L1;11;1;11;;;;;;;;;;;;;;;;;;;;
20;kategori;L1;12;1;13;;;;;;;;;;;;;;;;;;;;
20;kategori;L1;13;1;7;;;;;;;;;;;;;;;;;;;;
20;kategori;L1;14;1;0;;;;;;;;;;;;;;;;;;;;
20;kategori;L1;15;1;3;;;;;;;;;;;;;;;;;;;;
20;kategori;L1;16;1;8;;;;;;;;;;;;;;;;;;;;
20;kategori;L1;17;1;22;;;;;;;;;;;;;;;;;;;;
20;kategori;L1;18;1;4;;;;;;;;;;;;;;;;;;;;
20;kategori;L1;19;1;14;;;;;;;;;;;;;;;;;;;;
20;kategori;L1;20;1;1;;;;;;;;;;;;;;;;;;;;
20;kategori;L1;21;1;2;;;;;;;;;;;;;;;;;;;;
20;kategori;L1;22;1;18;;;;;;;;;;;;;;;;;;;;
20;kategori;L1;23;1;19;;;;;;;;;;;;;;;;;;;;
20;kategori;L1;24;1;5;;;;;;;;;;;;;;;;;;;;
20;form;L2;1;1;6;;;;;;;;;;;;;;;;;;;;
20;form;L2;2;1;9;;;;;;;;;;;;;;;;;;;;
20;form;L2;3;1;18;;;;;;;;;;;;;;;;;;;;
20;form;L2;4;1;21;;;;;;;;;;;;;;;;;;;;
20;form;L2;5;1;22;;;;;;;;;;;;;;;;;;;;
20;form;L2;6;1;19;;;;;;;;;;;;;;;;;;;;
20;form;L2;7;1;10;;;;;;;;;;;;;;;;;;;;
20;form;L2;8;1;13;;;;;;;;;;;;;;;;;;;;
20;form;L2;9;1;5;;;;;;;;;;;;;;;;;;;;
20;form;L2;10;1;14;;;;;;;;;;;;;;;;;;;;
20;form;L2;11;1;4;;;;;;;;;;;;;;;;;;;;
20;form;L2;12;1;20;;;;;;;;;;;;;;;;;;;;
20;form;L2;13;1;3;;;;;;;;;;;;;;;;;;;;
20;form;L2;14;1;11;;;;;;;;;;;;;;;;;;;;
20;form;L2;15;1;16;;;;;;;;;;;;;;;;;;;;
20;form;L2;16;1;0;;;;;;;;;;;;;;;;;;;;
20;form;L2;17;1;2;;;;;;;;;;;;;;;;;;;;
20;form;L2;18;1;1;;;;;;;;;;;;;;;;;;;;
20;form;L2;19;1;7;;;;;;;;;;;;;;;;;;;;
20;form;L2;20;1;15;;;;;;;;;;;;;;;;;;;;
20;form;L2;21;1;8;;;;;;;;;;;;;;;;;;;;
20;form;L2;22;1;12;;;;;;;;;;;;;;;;;;;;
20;form;L2;23;1;23;;;;;;;;;;;;;;;;;;;;
20;form;L2;24;1;17;;;;;;;;;;;;;;;;;;;;
20;kategori;L2;1;1;16;;;;;;;;;;;;;;;;;;;;
20;kategori;L2;2;1;21;;;;;;;;;;;;;;;;;;;;
20;kategori;L2;3;1;10;;;;;;;;;;;;;;;;;;;;
20;kategori;L2;4;1;6;;;;;;;;;;;;;;;;;;;;
20;kategori;L2;5;1;20;;;;;;;;;;;;;;;;;;;;
20;kategori;L2;6;1;23;;;;;;;;;;;;;;;;;;;;
20;kategori;L2;7;1;19;;;;;;;;;;;;;;;;;;;;
20;kategori;L2;8;1;15;;;;;;;;;;;;;;;;;;;;
20;kategori;L2;9;1;3;;;;;;;;;;;;;;;;;;;;
20;kategori;L2;10;1;0;;;;;;;;;;;;;;;;;;;;
20;kategori;L2;11;1;18;;;;;;;;;;;;;;;;;;;;
20;kategori;L2;12;0;7;;;;;;;;;;;;;;;;;;;;
20;kategori;L2;13;1;5;;;;;;;;;;;;;;;;;;;;
20;kategori;L2;14;1;2;;;;;;;;;;;;;;;;;;;;
20;kategori;L2;15;1;14;;;;;;;;;;;;;;;;;;;;
20;kategori;L2;16;1;17;;;;;;;;;;;;;;;;;;;;
20;kategori;L2;17;1;12;;;;;;;;;;;;;;;;;;;;
20;kategori;L2;18;1;11;;;;;;;;;;;;;;;;;;;;
20;kategori;L2;19;1;13;;;;;;;;;;;;;;;;;;;;
20;kategori;L2;20;1;9;;;;;;;;;;;;;;;;;;;;
20;kategori;L2;21;1;4;;;;;;;;;;;;;;;;;;;;
20;kategori;L2;22;1;8;;;;;;;;;;;;;;;;;;;;
20;kategori;L2;23;1;22;;;;;;;;;;;;;;;;;;;;
20;kategori;L2;24;1;1;;;;;;;;;;;;;;;;;;;;
21;form;L1;1;1;18;;;;;;;;;;;;;;;;;;;;
21;form;L1;2;1;22;;;;;;;;;;;;;;;;;;;;
21;form;L1;3;1;12;;;;;;;;;;;;;;;;;;;;
21;form;L1;4;1;2;;;;;;;;;;;;;;;;;;;;
21;form;L1;5;1;13;;;;;;;;;;;;;;;;;;;;
21;form;L1;6;1;14;;;;;;;;;;;;;;;;;;;;
21;form;L1;7;1;19;;;;;;;;;;;;;;;;;;;;
21;form;L1;8;1;20;;;;;;;;;;;;;;;;;;;;
21;form;L1;9;1;0;;;;;;;;;;;;;;;;;;;;
21;form;L1;10;1;23;;;;;;;;;;;;;;;;;;;;
21;form;L1;11;1;8;;;;;;;;;;;;;;;;;;;;
21;form;L1;12;1;15;;;;;;;;;;;;;;;;;;;;
21;form;L1;13;1;9;;;;;;;;;;;;;;;;;;;;
21;form;L1;14;1;10;;;;;;;;;;;;;;;;;;;;
21;form;L1;15;1;5;;;;;;;;;;;;;;;;;;;;
21;form;L1;16;1;21;;;;;;;;;;;;;;;;;;;;
21;form;L1;17;1;16;;;;;;;;;;;;;;;;;;;;
21;form;L1;18;1;3;;;;;;;;;;;;;;;;;;;;
21;form;L1;19;1;11;;;;;;;;;;;;;;;;;;;;
21;form;L1;20;1;17;;;;;;;;;;;;;;;;;;;;
21;form;L1;21;1;1;;;;;;;;;;;;;;;;;;;;
21;form;L1;22;1;4;;;;;;;;;;;;;;;;;;;;
21;form;L1;23;1;6;;;;;;;;;;;;;;;;;;;;
21;form;L1;24;1;7;;;;;;;;;;;;;;;;;;;;
21;kategori;L1;1;0;9;;;;;;;;;;;;;;;;;;;;
21;kategori;L1;2;0;8;;;;;;;;;;;;;;;;;;;;
21;kategori;L1;3;0;4;;;;;;;;;;;;;;;;;;;;
21;kategori;L1;4;0;18;;;;;;;;;;;;;;;;;;;;
21;kategori;L1;5;0;5;;;;;;;;;;;;;;;;;;;;
21;kategori;L1;6;1;1;;;;;;;;;;;;;;;;;;;;
21;kategori;L1;7;1;21;;;;;;;;;;;;;;;;;;;;
21;kategori;L1;8;1;2;;;;;;;;;;;;;;;;;;;;
21;kategori;L1;9;0;11;;;;;;;;;;;;;;;;;;;;
21;kategori;L1;10;1;0;;;;;;;;;;;;;;;;;;;;
21;kategori;L1;11;1;20;;;;;;;;;;;;;;;;;;;;
21;kategori;L1;12;1;23;;;;;;;;;;;;;;;;;;;;
21;kategori;L1;13;1;7;;;;;;;;;;;;;;;;;;;;
21;kategori;L1;14;0;13;;;;;;;;;;;;;;;;;;;;
21;kategori;L1;15;1;19;;;;;;;;;;;;;;;;;;;;
21;kategori;L1;16;1;15;;;;;;;;;;;;;;;;;;;;
21;kategori;L1;17;1;3;;;;;;;;;;;;;;;;;;;;
21;kategori;L1;18;1;10;;;;;;;;;;;;;;;;;;;;
21;kategori;L1;19;1;17;;;;;;;;;;;;;;;;;;;;
21;kategori;L1;20;1;14;;;;;;;;;;;;;;;;;;;;
21;kategori;L1;21;1;16;;;;;;;;;;;;;;;;;;;;
21;kategori;L1;22;1;22;;;;;;;;;;;;;;;;;;;;
21;kategori;L1;23;1;6;;;;;;;;;;;;;;;;;;;;
21;kategori;L1;24;0;12;;;;;;;;;;;;;;;;;;;;
21;form;L2;1;1;5;;;;;;;;;;;;;;;;;;;;
21;form;L2;2;1;22;;;;;;;;;;;;;;;;;;;;
21;form;L2;3;1;16;;;;;;;;;;;;;;;;;;;;
21;form;L2;4;1;11;;;;;;;;;;;;;;;;;;;;
21;form;L2;5;1;18;;;;;;;;;;;;;;;;;;;;
21;form;L2;6;1;10;;;;;;;;;;;;;;;;;;;;
21;form;L2;7;1;4;;;;;;;;;;;;;;;;;;;;
21;form;L2;8;1;9;;;;;;;;;;;;;;;;;;;;
21;form;L2;9;1;8;;;;;;;;;;;;;;;;;;;;
21;form;L2;10;1;12;;;;;;;;;;;;;;;;;;;;
21;form;L2;11;1;2;;;;;;;;;;;;;;;;;;;;
21;form;L2;12;1;3;;;;;;;;;;;;;;;;;;;;
21;form;L2;13;1;20;;;;;;;;;;;;;;;;;;;;
21;form;L2;14;1;0;;;;;;;;;;;;;;;;;;;;
21;form;L2;15;1;17;;;;;;;;;;;;;;;;;;;;
21;form;L2;16;1;13;;;;;;;;;;;;;;;;;;;;
21;form;L2;17;1;1;;;;;;;;;;;;;;;;;;;;
21;form;L2;18;1;15;;;;;;;;;;;;;;;;;;;;
21;form;L2;19;1;7;;;;;;;;;;;;;;;;;;;;
21;form;L2;20;1;23;;;;;;;;;;;;;;;;;;;;
21;form;L2;21;1;21;;;;;;;;;;;;;;;;;;;;
21;form;L2;22;1;14;;;;;;;;;;;;;;;;;;;;
21;form;L2;23;1;19;;;;;;;;;;;;;;;;;;;;
21;form;L2;24;1;6;;;;;;;;;;;;;;;;;;;;
21;kategori;L2;1;1;4;;;;;;;;;;;;;;;;;;;;
21;kategori;L2;2;1;21;;;;;;;;;;;;;;;;;;;;
21;kategori;L2;3;1;7;;;;;;;;;;;;;;;;;;;;
21;kategori;L2;4;1;3;;;;;;;;;;;;;;;;;;;;
21;kategori;L2;5;1;22;;;;;;;;;;;;;;;;;;;;
21;kategori;L2;6;1;10;;;;;;;;;;;;;;;;;;;;
21;kategori;L2;7;1;17;;;;;;;;;;;;;;;;;;;;
21;kategori;L2;8;1;8;;;;;;;;;;;;;;;;;;;;
21;kategori;L2;9;1;18;;;;;;;;;;;;;;;;;;;;
21;kategori;L2;10;1;15;;;;;;;;;;;;;;;;;;;;
21;kategori;L2;11;1;0;;;;;;;;;;;;;;;;;;;;
21;kategori;L2;12;1;14;;;;;;;;;;;;;;;;;;;;
21;kategori;L2;13;1;23;;;;;;;;;;;;;;;;;;;;
21;kategori;L2;14;1;11;;;;;;;;;;;;;;;;;;;;
21;kategori;L2;15;1;5;;;;;;;;;;;;;;;;;;;;
21;kategori;L2;16;1;13;;;;;;;;;;;;;;;;;;;;
21;kategori;L2;17;1;2;;;;;;;;;;;;;;;;;;;;
21;kategori;L2;18;1;1;;;;;;;;;;;;;;;;;;;;
21;kategori;L2;19;1;19;;;;;;;;;;;;;;;;;;;;
21;kategori;L2;20;1;6;;;;;;;;;;;;;;;;;;;;
21;kategori;L2;21;1;12;;;;;;;;;;;;;;;;;;;;
21;kategori;L2;22;1;9;;;;;;;;;;;;;;;;;;;;
21;kategori;L2;23;1;20;;;;;;;;;;;;;;;;;;;;
21;kategori;L2;24;1;16;;;;;;;;;;;;;;;;;;;;
22;form;L1;1;1;0;;;;;;;;;;;;;;;;;;;;
22;form;L1;2;1;19;;;;;;;;;;;;;;;;;;;;
22;form;L1;3;0;15;;;;;;;;;;;;;;;;;;;;
22;form;L1;4;1;9;;;;;;;;;;;;;;;;;;;;
22;form;L1;5;1;5;;;;;;;;;;;;;;;;;;;;
22;form;L1;6;1;20;;;;;;;;;;;;;;;;;;;;
22;form;L1;7;1;16;;;;;;;;;;;;;;;;;;;;
22;form;L1;8;0;10;;;;;;;;;;;;;;;;;;;;
22;form;L1;9;1;3;;;;;;;;;;;;;;;;;;;;
22;form;L1;10;1;1;;;;;;;;;;;;;;;;;;;;
22;form;L1;11;1;11;;;;;;;;;;;;;;;;;;;;
22;form;L1;12;1;17;;;;;;;;;;;;;;;;;;;;
22;form;L1;13;1;18;;;;;;;;;;;;;;;;;;;;
22;form;L1;14;1;6;;;;;;;;;;;;;;;;;;;;
22;form;L1;15;1;2;;;;;;;;;;;;;;;;;;;;
22;form;L1;16;1;13;;;;;;;;;;;;;;;;;;;;
22;form;L1;17;1;8;;;;;;;;;;;;;;;;;;;;
22;form;L1;18;1;23;;;;;;;;;;;;;;;;;;;;
22;form;L1;19;1;21;;;;;;;;;;;;;;;;;;;;
22;form;L1;20;1;12;;;;;;;;;;;;;;;;;;;;
22;form;L1;21;1;4;;;;;;;;;;;;;;;;;;;;
22;form;L1;22;1;14;;;;;;;;;;;;;;;;;;;;
22;form;L1;23;0;7;;;;;;;;;;;;;;;;;;;;
22;form;L1;24;1;22;;;;;;;;;;;;;;;;;;;;
22;kategori;L1;1;1;17;;;;;;;;;;;;;;;;;;;;
22;kategori;L1;2;1;12;;;;;;;;;;;;;;;;;;;;
22;kategori;L1;3;1;19;;;;;;;;;;;;;;;;;;;;
22;kategori;L1;4;1;8;;;;;;;;;;;;;;;;;;;;
22;kategori;L1;5;1;1;;;;;;;;;;;;;;;;;;;;
22;kategori;L1;6;1;9;;;;;;;;;;;;;;;;;;;;
22;kategori;L1;7;1;20;;;;;;;;;;;;;;;;;;;;
22;kategori;L1;8;1;13;;;;;;;;;;;;;;;;;;;;
22;kategori;L1;9;1;7;;;;;;;;;;;;;;;;;;;;
22;kategori;L1;10;1;21;;;;;;;;;;;;;;;;;;;;
22;kategori;L1;11;1;11;;;;;;;;;;;;;;;;;;;;
22;kategori;L1;12;1;18;;;;;;;;;;;;;;;;;;;;
22;kategori;L1;13;1;23;;;;;;;;;;;;;;;;;;;;
22;kategori;L1;14;1;14;;;;;;;;;;;;;;;;;;;;
22;kategori;L1;15;1;16;;;;;;;;;;;;;;;;;;;;
22;kategori;L1;16;1;2;;;;;;;;;;;;;;;;;;;;
22;kategori;L1;17;1;4;;;;;;;;;;;;;;;;;;;;
22;kategori;L1;18;1;15;;;;;;;;;;;;;;;;;;;;
22;kategori;L1;19;1;0;;;;;;;;;;;;;;;;;;;;
22;kategori;L1;20;1;10;;;;;;;;;;;;;;;;;;;;
22;kategori;L1;21;1;6;;;;;;;;;;;;;;;;;;;;
22;kategori;L1;22;1;22;;;;;;;;;;;;;;;;;;;;
22;kategori;L1;23;1;5;;;;;;;;;;;;;;;;;;;;
22;kategori;L1;24;1;3;;;;;;;;;;;;;;;;;;;;
22;form;L2;1;1;12;;;;;;;;;;;;;;;;;;;;
22;form;L2;2;1;7;;;;;;;;;;;;;;;;;;;;
22;form;L2;3;0;14;;;;;;;;;;;;;;;;;;;;
22;form;L2;4;1;13;;;;;;;;;;;;;;;;;;;;
22;form;L2;5;1;18;;;;;;;;;;;;;;;;;;;;
22;form;L2;6;1;4;;;;;;;;;;;;;;;;;;;;
22;form;L2;7;1;11;;;;;;;;;;;;;;;;;;;;
22;form;L2;8;0;16;;;;;;;;;;;;;;;;;;;;
22;form;L2;9;1;5;;;;;;;;;;;;;;;;;;;;
22;form;L2;10;1;8;;;;;;;;;;;;;;;;;;;;
22;form;L2;11;1;19;;;;;;;;;;;;;;;;;;;;
22;form;L2;12;1;21;;;;;;;;;;;;;;;;;;;;
22;form;L2;13;1;1;;;;;;;;;;;;;;;;;;;;
22;form;L2;14;0;6;;;;;;;;;;;;;;;;;;;;
22;form;L2;15;1;15;;;;;;;;;;;;;;;;;;;;
22;form;L2;16;1;17;;;;;;;;;;;;;;;;;;;;
22;form;L2;17;1;2;;;;;;;;;;;;;;;;;;;;
22;form;L2;18;1;20;;;;;;;;;;;;;;;;;;;;
22;form;L2;19;1;9;;;;;;;;;;;;;;;;;;;;
22;form;L2;20;1;0;;;;;;;;;;;;;;;;;;;;
22;form;L2;21;1;3;;;;;;;;;;;;;;;;;;;;
22;form;L2;22;0;10;;;;;;;;;;;;;;;;;;;;
22;form;L2;23;1;22;;;;;;;;;;;;;;;;;;;;
22;form;L2;24;1;23;;;;;;;;;;;;;;;;;;;;
22;kategori;L2;1;0;20;;;;;;;;;;;;;;;;;;;;
22;kategori;L2;2;1;12;;;;;;;;;;;;;;;;;;;;
22;kategori;L2;3;1;3;;;;;;;;;;;;;;;;;;;;
22;kategori;L2;4;1;5;;;;;;;;;;;;;;;;;;;;
22;kategori;L2;5;1;17;;;;;;;;;;;;;;;;;;;;
22;kategori;L2;6;1;1;;;;;;;;;;;;;;;;;;;;
22;kategori;L2;7;1;7;;;;;;;;;;;;;;;;;;;;
22;kategori;L2;8;1;6;;;;;;;;;;;;;;;;;;;;
22;kategori;L2;9;1;13;;;;;;;;;;;;;;;;;;;;
22;kategori;L2;10;1;22;;;;;;;;;;;;;;;;;;;;
22;kategori;L2;11;1;19;;;;;;;;;;;;;;;;;;;;
22;kategori;L2;12;1;8;;;;;;;;;;;;;;;;;;;;
22;kategori;L2;13;1;0;;;;;;;;;;;;;;;;;;;;
22;kategori;L2;14;1;18;;;;;;;;;;;;;;;;;;;;
22;kategori;L2;15;1;11;;;;;;;;;;;;;;;;;;;;
22;kategori;L2;16;1;23;;;;;;;;;;;;;;;;;;;;
22;kategori;L2;17;1;4;;;;;;;;;;;;;;;;;;;;
22;kategori;L2;18;1;21;;;;;;;;;;;;;;;;;;;;
22;kategori;L2;19;1;2;;;;;;;;;;;;;;;;;;;;
22;kategori;L2;20;1;9;;;;;;;;;;;;;;;;;;;;
22;kategori;L2;21;1;14;;;;;;;;;;;;;;;;;;;;
22;kategori;L2;22;1;10;;;;;;;;;;;;;;;;;;;;
22;kategori;L2;23;1;16;;;;;;;;;;;;;;;;;;;;
22;kategori;L2;24;1;15;;;;;;;;;;;;;;;;;;;;
23;form;L1;1;1;20;;;;;;;;;;;;;;;;;;;;
23;form;L1;2;1;2;;;;;;;;;;;;;;;;;;;;
23;form;L1;3;1;18;;;;;;;;;;;;;;;;;;;;
23;form;L1;4;0;16;;;;;;;;;;;;;;;;;;;;
23;form;L1;5;1;19;;;;;;;;;;;;;;;;;;;;
23;form;L1;6;0;13;;;;;;;;;;;;;;;;;;;;
23;form;L1;7;0;14;;;;;;;;;;;;;;;;;;;;
23;form;L1;8;1;17;;;;;;;;;;;;;;;;;;;;
23;form;L1;9;1;21;;;;;;;;;;;;;;;;;;;;
23;form;L1;10;0;5;;;;;;;;;;;;;;;;;;;;
23;form;L1;11;1;0;;;;;;;;;;;;;;;;;;;;
23;form;L1;12;1;8;;;;;;;;;;;;;;;;;;;;
23;form;L1;13;1;23;;;;;;;;;;;;;;;;;;;;
23;form;L1;14;1;9;;;;;;;;;;;;;;;;;;;;
23;form;L1;15;0;15;;;;;;;;;;;;;;;;;;;;
23;form;L1;16;1;4;;;;;;;;;;;;;;;;;;;;
23;form;L1;17;1;3;;;;;;;;;;;;;;;;;;;;
23;form;L1;18;1;1;;;;;;;;;;;;;;;;;;;;
23;form;L1;19;1;10;;;;;;;;;;;;;;;;;;;;
23;form;L1;20;1;12;;;;;;;;;;;;;;;;;;;;
23;form;L1;21;1;22;;;;;;;;;;;;;;;;;;;;
23;form;L1;22;1;6;;;;;;;;;;;;;;;;;;;;
23;form;L1;23;1;11;;;;;;;;;;;;;;;;;;;;
23;form;L1;24;1;7;;;;;;;;;;;;;;;;;;;;
23;kategori;L1;1;1;14;;;;;;;;;;;;;;;;;;;;
23;kategori;L1;2;1;22;;;;;;;;;;;;;;;;;;;;
23;kategori;L1;3;1;18;;;;;;;;;;;;;;;;;;;;
23;kategori;L1;4;1;15;;;;;;;;;;;;;;;;;;;;
23;kategori;L1;5;1;0;;;;;;;;;;;;;;;;;;;;
23;kategori;L1;6;1;9;;;;;;;;;;;;;;;;;;;;
23;kategori;L1;7;1;5;;;;;;;;;;;;;;;;;;;;
23;kategori;L1;8;1;20;;;;;;;;;;;;;;;;;;;;
23;kategori;L1;9;1;13;;;;;;;;;;;;;;;;;;;;
23;kategori;L1;10;1;7;;;;;;;;;;;;;;;;;;;;
23;kategori;L1;11;1;19;;;;;;;;;;;;;;;;;;;;
23;kategori;L1;12;1;1;;;;;;;;;;;;;;;;;;;;
23;kategori;L1;13;1;10;;;;;;;;;;;;;;;;;;;;
23;kategori;L1;14;1;12;;;;;;;;;;;;;;;;;;;;
23;kategori;L1;15;1;2;;;;;;;;;;;;;;;;;;;;
23;kategori;L1;16;1;6;;;;;;;;;;;;;;;;;;;;
23;kategori;L1;17;1;23;;;;;;;;;;;;;;;;;;;;
23;kategori;L1;18;1;3;;;;;;;;;;;;;;;;;;;;
23;kategori;L1;19;1;11;;;;;;;;;;;;;;;;;;;;
23;kategori;L1;20;0;17;;;;;;;;;;;;;;;;;;;;
23;kategori;L1;21;1;16;;;;;;;;;;;;;;;;;;;;
23;kategori;L1;22;1;4;;;;;;;;;;;;;;;;;;;;
23;kategori;L1;23;1;8;;;;;;;;;;;;;;;;;;;;
23;kategori;L1;24;1;21;;;;;;;;;;;;;;;;;;;;
23;form;L2;1;0;9;;;;;;;;;;;;;;;;;;;;
23;form;L2;2;0;16;;;;;;;;;;;;;;;;;;;;
23;form;L2;3;0;13;;;;;;;;;;;;;;;;;;;;
23;form;L2;4;1;22;;;;;;;;;;;;;;;;;;;;
23;form;L2;5;1;21;;;;;;;;;;;;;;;;;;;;
23;form;L2;6;1;0;;;;;;;;;;;;;;;;;;;;
23;form;L2;7;1;18;;;;;;;;;;;;;;;;;;;;
23;form;L2;8;1;6;;;;;;;;;;;;;;;;;;;;
23;form;L2;9;1;1;;;;;;;;;;;;;;;;;;;;
23;form;L2;10;1;7;;;;;;;;;;;;;;;;;;;;
23;form;L2;11;1;11;;;;;;;;;;;;;;;;;;;;
23;form;L2;12;1;5;;;;;;;;;;;;;;;;;;;;
23;form;L2;13;1;20;;;;;;;;;;;;;;;;;;;;
23;form;L2;14;1;19;;;;;;;;;;;;;;;;;;;;
23;form;L2;15;1;8;;;;;;;;;;;;;;;;;;;;
23;form;L2;16;1;23;;;;;;;;;;;;;;;;;;;;
23;form;L2;17;0;14;;;;;;;;;;;;;;;;;;;;
23;form;L2;18;1;2;;;;;;;;;;;;;;;;;;;;
23;form;L2;19;1;12;;;;;;;;;;;;;;;;;;;;
23;form;L2;20;0;4;;;;;;;;;;;;;;;;;;;;
23;form;L2;21;0;3;;;;;;;;;;;;;;;;;;;;
23;form;L2;22;1;15;;;;;;;;;;;;;;;;;;;;
23;form;L2;23;1;17;;;;;;;;;;;;;;;;;;;;
23;form;L2;24;0;10;;;;;;;;;;;;;;;;;;;;
23;kategori;L2;1;1;6;;;;;;;;;;;;;;;;;;;;
23;kategori;L2;2;1;17;;;;;;;;;;;;;;;;;;;;
23;kategori;L2;3;1;15;;;;;;;;;;;;;;;;;;;;
23;kategori;L2;4;1;8;;;;;;;;;;;;;;;;;;;;
23;kategori;L2;5;1;4;;;;;;;;;;;;;;;;;;;;
23;kategori;L2;6;1;11;;;;;;;;;;;;;;;;;;;;
23;kategori;L2;7;1;18;;;;;;;;;;;;;;;;;;;;
23;kategori;L2;8;1;13;;;;;;;;;;;;;;;;;;;;
23;kategori;L2;9;1;9;;;;;;;;;;;;;;;;;;;;
23;kategori;L2;10;1;3;;;;;;;;;;;;;;;;;;;;
23;kategori;L2;11;1;2;;;;;;;;;;;;;;;;;;;;
23;kategori;L2;12;1;10;;;;;;;;;;;;;;;;;;;;
23;kategori;L2;13;1;1;;;;;;;;;;;;;;;;;;;;
23;kategori;L2;14;1;16;;;;;;;;;;;;;;;;;;;;
23;kategori;L2;15;1;12;;;;;;;;;;;;;;;;;;;;
23;kategori;L2;16;1;21;;;;;;;;;;;;;;;;;;;;
23;kategori;L2;17;1;7;;;;;;;;;;;;;;;;;;;;
23;kategori;L2;18;1;23;;;;;;;;;;;;;;;;;;;;
23;kategori;L2;19;1;20;;;;;;;;;;;;;;;;;;;;
23;kategori;L2;20;1;22;;;;;;;;;;;;;;;;;;;;
23;kategori;L2;21;1;5;;;;;;;;;;;;;;;;;;;;
23;kategori;L2;22;1;0;;;;;;;;;;;;;;;;;;;;
23;kategori;L2;23;1;14;;;;;;;;;;;;;;;;;;;;
23;kategori;L2;24;1;19;;;;;;;;;;;;;;;;;;;;
24;form;L1;1;1;18;;;;;;;;;;;;;;;;;;;;
24;form;L1;2;1;16;;;;;;;;;;;;;;;;;;;;
24;form;L1;3;1;5;;;;;;;;;;;;;;;;;;;;
24;form;L1;4;1;20;;;;;;;;;;;;;;;;;;;;
24;form;L1;5;1;23;;;;;;;;;;;;;;;;;;;;
24;form;L1;6;1;10;;;;;;;;;;;;;;;;;;;;
24;form;L1;7;1;12;;;;;;;;;;;;;;;;;;;;
24;form;L1;8;1;21;;;;;;;;;;;;;;;;;;;;
24;form;L1;9;1;15;;;;;;;;;;;;;;;;;;;;
24;form;L1;10;1;22;;;;;;;;;;;;;;;;;;;;
24;form;L1;11;1;1;;;;;;;;;;;;;;;;;;;;
24;form;L1;12;1;0;;;;;;;;;;;;;;;;;;;;
24;form;L1;13;1;2;;;;;;;;;;;;;;;;;;;;
24;form;L1;14;1;13;;;;;;;;;;;;;;;;;;;;
24;form;L1;15;1;4;;;;;;;;;;;;;;;;;;;;
24;form;L1;16;1;3;;;;;;;;;;;;;;;;;;;;
24;form;L1;17;1;17;;;;;;;;;;;;;;;;;;;;
24;form;L1;18;1;14;;;;;;;;;;;;;;;;;;;;
24;form;L1;19;1;6;;;;;;;;;;;;;;;;;;;;
24;form;L1;20;0;7;;;;;;;;;;;;;;;;;;;;
24;form;L1;21;1;11;;;;;;;;;;;;;;;;;;;;
24;form;L1;22;1;19;;;;;;;;;;;;;;;;;;;;
24;form;L1;23;1;8;;;;;;;;;;;;;;;;;;;;
24;form;L1;24;1;9;;;;;;;;;;;;;;;;;;;;
24;kategori;L1;1;1;21;;;;;;;;;;;;;;;;;;;;
24;kategori;L1;2;1;10;;;;;;;;;;;;;;;;;;;;
24;kategori;L1;3;1;1;;;;;;;;;;;;;;;;;;;;
24;kategori;L1;4;1;2;;;;;;;;;;;;;;;;;;;;
24;kategori;L1;5;1;14;;;;;;;;;;;;;;;;;;;;
24;kategori;L1;6;1;18;;;;;;;;;;;;;;;;;;;;
24;kategori;L1;7;1;17;;;;;;;;;;;;;;;;;;;;
24;kategori;L1;8;1;6;;;;;;;;;;;;;;;;;;;;
24;kategori;L1;9;1;13;;;;;;;;;;;;;;;;;;;;
24;kategori;L1;10;1;9;;;;;;;;;;;;;;;;;;;;
24;kategori;L1;11;1;8;;;;;;;;;;;;;;;;;;;;
24;kategori;L1;12;1;16;;;;;;;;;;;;;;;;;;;;
24;kategori;L1;13;1;7;;;;;;;;;;;;;;;;;;;;
24;kategori;L1;14;1;19;;;;;;;;;;;;;;;;;;;;
24;kategori;L1;15;1;22;;;;;;;;;;;;;;;;;;;;
24;kategori;L1;16;1;4;;;;;;;;;;;;;;;;;;;;
24;kategori;L1;17;1;12;;;;;;;;;;;;;;;;;;;;
24;kategori;L1;18;1;15;;;;;;;;;;;;;;;;;;;;
24;kategori;L1;19;1;3;;;;;;;;;;;;;;;;;;;;
24;kategori;L1;20;1;20;;;;;;;;;;;;;;;;;;;;
24;kategori;L1;21;1;11;;;;;;;;;;;;;;;;;;;;
24;kategori;L1;22;1;23;;;;;;;;;;;;;;;;;;;;
24;kategori;L1;23;1;5;;;;;;;;;;;;;;;;;;;;
24;kategori;L1;24;1;0;;;;;;;;;;;;;;;;;;;;
24;form;L2;1;0;2;;;;;;;;;;;;;;;;;;;;
24;form;L2;2;1;8;;;;;;;;;;;;;;;;;;;;
24;form;L2;3;1;22;;;;;;;;;;;;;;;;;;;;
24;form;L2;4;1;1;;;;;;;;;;;;;;;;;;;;
24;form;L2;5;0;17;;;;;;;;;;;;;;;;;;;;
24;form;L2;6;1;3;;;;;;;;;;;;;;;;;;;;
24;form;L2;7;1;11;;;;;;;;;;;;;;;;;;;;
24;form;L2;8;1;15;;;;;;;;;;;;;;;;;;;;
24;form;L2;9;1;16;;;;;;;;;;;;;;;;;;;;
24;form;L2;10;1;5;;;;;;;;;;;;;;;;;;;;
24;form;L2;11;1;20;;;;;;;;;;;;;;;;;;;;
24;form;L2;12;0;7;;;;;;;;;;;;;;;;;;;;
24;form;L2;13;1;10;;;;;;;;;;;;;;;;;;;;
24;form;L2;14;1;21;;;;;;;;;;;;;;;;;;;;
24;form;L2;15;1;19;;;;;;;;;;;;;;;;;;;;
24;form;L2;16;1;13;;;;;;;;;;;;;;;;;;;;
24;form;L2;17;1;4;;;;;;;;;;;;;;;;;;;;
24;form;L2;18;0;14;;;;;;;;;;;;;;;;;;;;
24;form;L2;19;1;18;;;;;;;;;;;;;;;;;;;;
24;form;L2;20;1;0;;;;;;;;;;;;;;;;;;;;
24;form;L2;21;1;12;;;;;;;;;;;;;;;;;;;;
24;form;L2;22;1;23;;;;;;;;;;;;;;;;;;;;
24;form;L2;23;1;6;;;;;;;;;;;;;;;;;;;;
24;form;L2;24;1;9;;;;;;;;;;;;;;;;;;;;
24;kategori;L2;1;1;13;;;;;;;;;;;;;;;;;;;;
24;kategori;L2;2;1;21;;;;;;;;;;;;;;;;;;;;
24;kategori;L2;3;1;22;;;;;;;;;;;;;;;;;;;;
24;kategori;L2;4;1;20;;;;;;;;;;;;;;;;;;;;
24;kategori;L2;5;1;16;;;;;;;;;;;;;;;;;;;;
24;kategori;L2;6;1;17;;;;;;;;;;;;;;;;;;;;
24;kategori;L2;7;1;7;;;;;;;;;;;;;;;;;;;;
24;kategori;L2;8;1;3;;;;;;;;;;;;;;;;;;;;
24;kategori;L2;9;1;4;;;;;;;;;;;;;;;;;;;;
24;kategori;L2;10;1;9;;;;;;;;;;;;;;;;;;;;
24;kategori;L2;11;1;2;;;;;;;;;;;;;;;;;;;;
24;kategori;L2;12;1;10;;;;;;;;;;;;;;;;;;;;
24;kategori;L2;13;1;11;;;;;;;;;;;;;;;;;;;;
24;kategori;L2;14;1;18;;;;;;;;;;;;;;;;;;;;
24;kategori;L2;15;1;5;;;;;;;;;;;;;;;;;;;;
24;kategori;L2;16;1;14;;;;;;;;;;;;;;;;;;;;
24;kategori;L2;17;1;1;;;;;;;;;;;;;;;;;;;;
24;kategori;L2;18;1;15;;;;;;;;;;;;;;;;;;;;
24;kategori;L2;19;1;0;;;;;;;;;;;;;;;;;;;;
24;kategori;L2;20;1;6;;;;;;;;;;;;;;;;;;;;
24;kategori;L2;21;1;8;;;;;;;;;;;;;;;;;;;;
24;kategori;L2;22;1;19;;;;;;;;;;;;;;;;;;;;
24;kategori;L2;23;1;12;;;;;;;;;;;;;;;;;;;;
24;kategori;L2;24;1;23;;;;;;;;;;;;;;;;;;;;
